"LOCATION","INDICATOR","SUBJECT","MEASURE","FREQUENCY","TIME","Value","Flag Codes"
"OECD","QGDP","TOT","PC_CHGPP","Q","1962-Q2",1.073782,
"OECD","QGDP","TOT","PC_CHGPP","Q","1962-Q3",1.381769,
"OECD","QGDP","TOT","PC_CHGPP","Q","1962-Q4",0.703461,
"OECD","QGDP","TOT","PC_CHGPP","Q","1963-Q1",0.365375,
"OECD","QGDP","TOT","PC_CHGPP","Q","1963-Q2",2.369696,
"OECD","QGDP","TOT","PC_CHGPP","Q","1963-Q3",2.231312,
"OECD","QGDP","TOT","PC_CHGPP","Q","1963-Q4",1.299,
"OECD","QGDP","TOT","PC_CHGPP","Q","1964-Q1",1.822418,
"OECD","QGDP","TOT","PC_CHGPP","Q","1964-Q2",1.226848,
"OECD","QGDP","TOT","PC_CHGPP","Q","1964-Q3",1.223742,
"OECD","QGDP","TOT","PC_CHGPP","Q","1964-Q4",0.813357,
"OECD","QGDP","TOT","PC_CHGPP","Q","1965-Q1",1.630103,
"OECD","QGDP","TOT","PC_CHGPP","Q","1965-Q2",1.182202,
"OECD","QGDP","TOT","PC_CHGPP","Q","1965-Q3",1.575507,
"OECD","QGDP","TOT","PC_CHGPP","Q","1965-Q4",1.697619,
"OECD","QGDP","TOT","PC_CHGPP","Q","1966-Q1",1.658004,
"OECD","QGDP","TOT","PC_CHGPP","Q","1966-Q2",1.261944,
"OECD","QGDP","TOT","PC_CHGPP","Q","1966-Q3",1.021125,
"OECD","QGDP","TOT","PC_CHGPP","Q","1966-Q4",0.623451,
"OECD","QGDP","TOT","PC_CHGPP","Q","1967-Q1",1.098901,
"OECD","QGDP","TOT","PC_CHGPP","Q","1967-Q2",0.7594,
"OECD","QGDP","TOT","PC_CHGPP","Q","1967-Q3",1.321918,
"OECD","QGDP","TOT","PC_CHGPP","Q","1967-Q4",1.029979,
"OECD","QGDP","TOT","PC_CHGPP","Q","1968-Q1",1.883264,
"OECD","QGDP","TOT","PC_CHGPP","Q","1968-Q2",1.144343,
"OECD","QGDP","TOT","PC_CHGPP","Q","1968-Q3",2.005758,
"OECD","QGDP","TOT","PC_CHGPP","Q","1968-Q4",1.554652,
"OECD","QGDP","TOT","PC_CHGPP","Q","1969-Q1",1.314859,
"OECD","QGDP","TOT","PC_CHGPP","Q","1969-Q2",1.171314,
"OECD","QGDP","TOT","PC_CHGPP","Q","1969-Q3",1.30374,
"OECD","QGDP","TOT","PC_CHGPP","Q","1969-Q4",0.690553,
"OECD","QGDP","TOT","PC_CHGPP","Q","1970-Q1",0.826307,
"OECD","QGDP","TOT","PC_CHGPP","Q","1970-Q2",1.197688,
"OECD","QGDP","TOT","PC_CHGPP","Q","1970-Q3",1.355721,
"OECD","QGDP","TOT","PC_CHGPP","Q","1970-Q4",0.071131,
"OECD","QGDP","TOT","PC_CHGPP","Q","1971-Q1",0.892633,
"OECD","QGDP","TOT","PC_CHGPP","Q","1971-Q2",1.216337,
"OECD","QGDP","TOT","PC_CHGPP","Q","1971-Q3",1.338581,
"OECD","QGDP","TOT","PC_CHGPP","Q","1971-Q4",0.527805,
"OECD","QGDP","TOT","PC_CHGPP","Q","1972-Q1",1.533927,
"OECD","QGDP","TOT","PC_CHGPP","Q","1972-Q2",1.799046,
"OECD","QGDP","TOT","PC_CHGPP","Q","1972-Q3",1.28153,
"OECD","QGDP","TOT","PC_CHGPP","Q","1972-Q4",1.753812,
"OECD","QGDP","TOT","PC_CHGPP","Q","1973-Q1",2.328314,
"OECD","QGDP","TOT","PC_CHGPP","Q","1973-Q2",1.102475,
"OECD","QGDP","TOT","PC_CHGPP","Q","1973-Q3",0.366555,
"OECD","QGDP","TOT","PC_CHGPP","Q","1973-Q4",1.135914,
"OECD","QGDP","TOT","PC_CHGPP","Q","1974-Q1",-0.427212,
"OECD","QGDP","TOT","PC_CHGPP","Q","1974-Q2",0.46476,
"OECD","QGDP","TOT","PC_CHGPP","Q","1974-Q3",0.019562,
"OECD","QGDP","TOT","PC_CHGPP","Q","1974-Q4",-0.611065,
"OECD","QGDP","TOT","PC_CHGPP","Q","1975-Q1",-0.524489,
"OECD","QGDP","TOT","PC_CHGPP","Q","1975-Q2",0.531447,
"OECD","QGDP","TOT","PC_CHGPP","Q","1975-Q3",1.101524,
"OECD","QGDP","TOT","PC_CHGPP","Q","1975-Q4",1.372408,
"OECD","QGDP","TOT","PC_CHGPP","Q","1976-Q1",1.638148,
"OECD","QGDP","TOT","PC_CHGPP","Q","1976-Q2",1.025616,
"OECD","QGDP","TOT","PC_CHGPP","Q","1976-Q3",0.883532,
"OECD","QGDP","TOT","PC_CHGPP","Q","1976-Q4",0.950986,
"OECD","QGDP","TOT","PC_CHGPP","Q","1977-Q1",0.907386,
"OECD","QGDP","TOT","PC_CHGPP","Q","1977-Q2",0.878815,
"OECD","QGDP","TOT","PC_CHGPP","Q","1977-Q3",0.924833,
"OECD","QGDP","TOT","PC_CHGPP","Q","1977-Q4",0.812913,
"OECD","QGDP","TOT","PC_CHGPP","Q","1978-Q1",0.800159,
"OECD","QGDP","TOT","PC_CHGPP","Q","1978-Q2",1.986824,
"OECD","QGDP","TOT","PC_CHGPP","Q","1978-Q3",0.903209,
"OECD","QGDP","TOT","PC_CHGPP","Q","1978-Q4",1.313481,
"OECD","QGDP","TOT","PC_CHGPP","Q","1979-Q1",0.582656,
"OECD","QGDP","TOT","PC_CHGPP","Q","1979-Q2",1.227043,
"OECD","QGDP","TOT","PC_CHGPP","Q","1979-Q3",0.487278,
"OECD","QGDP","TOT","PC_CHGPP","Q","1979-Q4",0.679299,
"OECD","QGDP","TOT","PC_CHGPP","Q","1980-Q1",0.574542,
"OECD","QGDP","TOT","PC_CHGPP","Q","1980-Q2",-1.054354,
"OECD","QGDP","TOT","PC_CHGPP","Q","1980-Q3",0.292482,
"OECD","QGDP","TOT","PC_CHGPP","Q","1980-Q4",1.158479,
"OECD","QGDP","TOT","PC_CHGPP","Q","1981-Q1",1.057751,
"OECD","QGDP","TOT","PC_CHGPP","Q","1981-Q2",0.20005,
"OECD","QGDP","TOT","PC_CHGPP","Q","1981-Q3",0.646628,
"OECD","QGDP","TOT","PC_CHGPP","Q","1981-Q4",-0.067804,
"OECD","QGDP","TOT","PC_CHGPP","Q","1982-Q1",-0.291297,
"OECD","QGDP","TOT","PC_CHGPP","Q","1982-Q2",0.245173,
"OECD","QGDP","TOT","PC_CHGPP","Q","1982-Q3",-0.150658,
"OECD","QGDP","TOT","PC_CHGPP","Q","1982-Q4",0.200872,
"OECD","QGDP","TOT","PC_CHGPP","Q","1983-Q1",0.79619,
"OECD","QGDP","TOT","PC_CHGPP","Q","1983-Q2",1.119419,
"OECD","QGDP","TOT","PC_CHGPP","Q","1983-Q3",1.324468,
"OECD","QGDP","TOT","PC_CHGPP","Q","1983-Q4",1.432137,
"OECD","QGDP","TOT","PC_CHGPP","Q","1984-Q1",1.447397,
"OECD","QGDP","TOT","PC_CHGPP","Q","1984-Q2",0.671164,
"OECD","QGDP","TOT","PC_CHGPP","Q","1984-Q3",1.214519,
"OECD","QGDP","TOT","PC_CHGPP","Q","1984-Q4",0.646279,
"OECD","QGDP","TOT","PC_CHGPP","Q","1985-Q1",0.967676,
"OECD","QGDP","TOT","PC_CHGPP","Q","1985-Q2",1.07133,
"OECD","QGDP","TOT","PC_CHGPP","Q","1985-Q3",1.157881,
"OECD","QGDP","TOT","PC_CHGPP","Q","1985-Q4",0.819778,
"OECD","QGDP","TOT","PC_CHGPP","Q","1986-Q1",0.442032,
"OECD","QGDP","TOT","PC_CHGPP","Q","1986-Q2",0.644236,
"OECD","QGDP","TOT","PC_CHGPP","Q","1986-Q3",0.683741,
"OECD","QGDP","TOT","PC_CHGPP","Q","1986-Q4",0.610305,
"OECD","QGDP","TOT","PC_CHGPP","Q","1987-Q1",0.322581,
"OECD","QGDP","TOT","PC_CHGPP","Q","1987-Q2",1.636152,
"OECD","QGDP","TOT","PC_CHGPP","Q","1987-Q3",1.100888,
"OECD","QGDP","TOT","PC_CHGPP","Q","1987-Q4",1.822639,
"OECD","QGDP","TOT","PC_CHGPP","Q","1988-Q1",0.825236,
"OECD","QGDP","TOT","PC_CHGPP","Q","1988-Q2",0.714808,
"OECD","QGDP","TOT","PC_CHGPP","Q","1988-Q3",1.061367,
"OECD","QGDP","TOT","PC_CHGPP","Q","1988-Q4",1.170876,
"OECD","QGDP","TOT","PC_CHGPP","Q","1989-Q1",1.219079,
"OECD","QGDP","TOT","PC_CHGPP","Q","1989-Q2",0.39698,
"OECD","QGDP","TOT","PC_CHGPP","Q","1989-Q3",0.995957,
"OECD","QGDP","TOT","PC_CHGPP","Q","1989-Q4",0.957683,
"OECD","QGDP","TOT","PC_CHGPP","Q","1990-Q1",0.955057,
"OECD","QGDP","TOT","PC_CHGPP","Q","1990-Q2",0.920749,
"OECD","QGDP","TOT","PC_CHGPP","Q","1990-Q3",0.364845,
"OECD","QGDP","TOT","PC_CHGPP","Q","1990-Q4",0.249013,
"OECD","QGDP","TOT","PC_CHGPP","Q","1991-Q1",0.108688,
"OECD","QGDP","TOT","PC_CHGPP","Q","1991-Q2",0.604981,
"OECD","QGDP","TOT","PC_CHGPP","Q","1991-Q3",0.287148,
"OECD","QGDP","TOT","PC_CHGPP","Q","1991-Q4",0.633611,
"OECD","QGDP","TOT","PC_CHGPP","Q","1992-Q1",0.873342,
"OECD","QGDP","TOT","PC_CHGPP","Q","1992-Q2",0.312474,
"OECD","QGDP","TOT","PC_CHGPP","Q","1992-Q3",0.50477,
"OECD","QGDP","TOT","PC_CHGPP","Q","1992-Q4",0.274283,
"OECD","QGDP","TOT","PC_CHGPP","Q","1993-Q1",0.210645,
"OECD","QGDP","TOT","PC_CHGPP","Q","1993-Q2",0.431576,
"OECD","QGDP","TOT","PC_CHGPP","Q","1993-Q3",0.396627,
"OECD","QGDP","TOT","PC_CHGPP","Q","1993-Q4",0.866193,
"OECD","QGDP","TOT","PC_CHGPP","Q","1994-Q1",0.940061,
"OECD","QGDP","TOT","PC_CHGPP","Q","1994-Q2",0.582481,
"OECD","QGDP","TOT","PC_CHGPP","Q","1994-Q3",0.894833,
"OECD","QGDP","TOT","PC_CHGPP","Q","1994-Q4",0.971758,
"OECD","QGDP","TOT","PC_CHGPP","Q","1995-Q1",0.370404,
"OECD","QGDP","TOT","PC_CHGPP","Q","1995-Q2",0.385517,
"OECD","QGDP","TOT","PC_CHGPP","Q","1995-Q3",0.857844,
"OECD","QGDP","TOT","PC_CHGPP","Q","1995-Q4",0.562227,
"OECD","QGDP","TOT","PC_CHGPP","Q","1996-Q1",0.719318,
"OECD","QGDP","TOT","PC_CHGPP","Q","1996-Q2",1.169182,
"OECD","QGDP","TOT","PC_CHGPP","Q","1996-Q3",0.71692,
"OECD","QGDP","TOT","PC_CHGPP","Q","1996-Q4",0.936532,
"OECD","QGDP","TOT","PC_CHGPP","Q","1997-Q1",0.59416,
"OECD","QGDP","TOT","PC_CHGPP","Q","1997-Q2",1.311478,
"OECD","QGDP","TOT","PC_CHGPP","Q","1997-Q3",0.908731,
"OECD","QGDP","TOT","PC_CHGPP","Q","1997-Q4",0.922362,
"OECD","QGDP","TOT","PC_CHGPP","Q","1998-Q1",0.412352,
"OECD","QGDP","TOT","PC_CHGPP","Q","1998-Q2",0.505519,
"OECD","QGDP","TOT","PC_CHGPP","Q","1998-Q3",0.781983,
"OECD","QGDP","TOT","PC_CHGPP","Q","1998-Q4",0.81047,
"OECD","QGDP","TOT","PC_CHGPP","Q","1999-Q1",0.629869,
"OECD","QGDP","TOT","PC_CHGPP","Q","1999-Q2",0.742418,
"OECD","QGDP","TOT","PC_CHGPP","Q","1999-Q3",1.216388,
"OECD","QGDP","TOT","PC_CHGPP","Q","1999-Q4",1.31752,
"OECD","QGDP","TOT","PC_CHGPP","Q","2000-Q1",0.981673,
"OECD","QGDP","TOT","PC_CHGPP","Q","2000-Q2",1.249985,
"OECD","QGDP","TOT","PC_CHGPP","Q","2000-Q3",0.501822,
"OECD","QGDP","TOT","PC_CHGPP","Q","2000-Q4",0.558685,
"OECD","QGDP","TOT","PC_CHGPP","Q","2001-Q1",0.278988,
"OECD","QGDP","TOT","PC_CHGPP","Q","2001-Q2",0.174838,
"OECD","QGDP","TOT","PC_CHGPP","Q","2001-Q3",-0.042552,
"OECD","QGDP","TOT","PC_CHGPP","Q","2001-Q4",0.169553,
"OECD","QGDP","TOT","PC_CHGPP","Q","2002-Q1",0.586503,
"OECD","QGDP","TOT","PC_CHGPP","Q","2002-Q2",0.774575,
"OECD","QGDP","TOT","PC_CHGPP","Q","2002-Q3",0.528845,
"OECD","QGDP","TOT","PC_CHGPP","Q","2002-Q4",0.308238,
"OECD","QGDP","TOT","PC_CHGPP","Q","2003-Q1",0.228315,
"OECD","QGDP","TOT","PC_CHGPP","Q","2003-Q2",0.512411,
"OECD","QGDP","TOT","PC_CHGPP","Q","2003-Q3",1.078915,
"OECD","QGDP","TOT","PC_CHGPP","Q","2003-Q4",1.056413,
"OECD","QGDP","TOT","PC_CHGPP","Q","2004-Q1",0.787934,
"OECD","QGDP","TOT","PC_CHGPP","Q","2004-Q2",0.670137,
"OECD","QGDP","TOT","PC_CHGPP","Q","2004-Q3",0.594549,
"OECD","QGDP","TOT","PC_CHGPP","Q","2004-Q4",0.666976,
"OECD","QGDP","TOT","PC_CHGPP","Q","2005-Q1",0.782018,
"OECD","QGDP","TOT","PC_CHGPP","Q","2005-Q2",0.66849,
"OECD","QGDP","TOT","PC_CHGPP","Q","2005-Q3",0.931742,
"OECD","QGDP","TOT","PC_CHGPP","Q","2005-Q4",0.795043,
"OECD","QGDP","TOT","PC_CHGPP","Q","2006-Q1",1.057307,
"OECD","QGDP","TOT","PC_CHGPP","Q","2006-Q2",0.667322,
"OECD","QGDP","TOT","PC_CHGPP","Q","2006-Q3",0.343428,
"OECD","QGDP","TOT","PC_CHGPP","Q","2006-Q4",0.984106,
"OECD","QGDP","TOT","PC_CHGPP","Q","2007-Q1",0.720444,
"OECD","QGDP","TOT","PC_CHGPP","Q","2007-Q2",0.596594,
"OECD","QGDP","TOT","PC_CHGPP","Q","2007-Q3",0.461709,
"OECD","QGDP","TOT","PC_CHGPP","Q","2007-Q4",0.74502,
"OECD","QGDP","TOT","PC_CHGPP","Q","2008-Q1",0.168168,
"OECD","QGDP","TOT","PC_CHGPP","Q","2008-Q2",-0.038343,
"OECD","QGDP","TOT","PC_CHGPP","Q","2008-Q3",-0.544598,
"OECD","QGDP","TOT","PC_CHGPP","Q","2008-Q4",-1.920791,
"OECD","QGDP","TOT","PC_CHGPP","Q","2009-Q1",-2.255205,
"OECD","QGDP","TOT","PC_CHGPP","Q","2009-Q2",0.151006,
"OECD","QGDP","TOT","PC_CHGPP","Q","2009-Q3",0.564295,
"OECD","QGDP","TOT","PC_CHGPP","Q","2009-Q4",0.94174,
"OECD","QGDP","TOT","PC_CHGPP","Q","2010-Q1",0.617638,
"OECD","QGDP","TOT","PC_CHGPP","Q","2010-Q2",1.072194,
"OECD","QGDP","TOT","PC_CHGPP","Q","2010-Q3",0.8204,
"OECD","QGDP","TOT","PC_CHGPP","Q","2010-Q4",0.572998,
"OECD","QGDP","TOT","PC_CHGPP","Q","2011-Q1",0.277729,
"OECD","QGDP","TOT","PC_CHGPP","Q","2011-Q2",0.38814,
"OECD","QGDP","TOT","PC_CHGPP","Q","2011-Q3",0.588132,
"OECD","QGDP","TOT","PC_CHGPP","Q","2011-Q4",0.459886,
"OECD","QGDP","TOT","PC_CHGPP","Q","2012-Q1",0.443868,
"OECD","QGDP","TOT","PC_CHGPP","Q","2012-Q2",0.140585,
"OECD","QGDP","TOT","PC_CHGPP","Q","2012-Q3",0.158904,
"OECD","QGDP","TOT","PC_CHGPP","Q","2012-Q4",0.084731,
"OECD","QGDP","TOT","PC_CHGPP","Q","2013-Q1",0.595687,
"OECD","QGDP","TOT","PC_CHGPP","Q","2013-Q2",0.498551,
"OECD","QGDP","TOT","PC_CHGPP","Q","2013-Q3",0.704346,
"OECD","QGDP","TOT","PC_CHGPP","Q","2013-Q4",0.544762,
"OECD","QGDP","TOT","PC_CHGPP","Q","2014-Q1",0.391961,
"OECD","QGDP","TOT","PC_CHGPP","Q","2014-Q2",0.475052,
"OECD","QGDP","TOT","PC_CHGPP","Q","2014-Q3",0.789566,
"OECD","QGDP","TOT","PC_CHGPP","Q","2014-Q4",0.613004,
"OECD","QGDP","TOT","PC_CHGPP","Q","2015-Q1",0.799465,
"OECD","QGDP","TOT","PC_CHGPP","Q","2015-Q2",0.571374,
"OECD","QGDP","TOT","PC_CHGPP","Q","2015-Q3",0.50779,
"OECD","QGDP","TOT","PC_CHGPP","Q","2015-Q4",0.262163,
"OECD","QGDP","TOT","PC_CHGPP","Q","2016-Q1",0.504613,
"OECD","QGDP","TOT","PC_CHGPP","Q","2016-Q2",0.424686,
"OECD","QGDP","TOT","PC_CHGPP","Q","2016-Q3",0.359743,
"OECD","QGDP","TOT","PC_CHGPP","Q","2016-Q4",0.849461,
"OECD","QGDP","TOT","PC_CHGPP","Q","2017-Q1",0.70127,
"OECD","QGDP","TOT","PC_CHGPP","Q","2017-Q2",0.652317,
"OECD","QGDP","TOT","PC_CHGPP","Q","2017-Q3",0.743208,
"OECD","QGDP","TOT","PC_CHGPP","Q","2017-Q4",0.814392,
"OECD","QGDP","TOT","PC_CHGPP","Q","2018-Q1",0.502936,
"OECD","QGDP","TOT","PC_CHGPP","Q","2018-Q2",0.573265,
"OECD","QGDP","TOT","PC_CHGPP","Q","2018-Q3",0.306355,
"OECD","QGDP","TOT","PC_CHGPP","Q","2018-Q4",0.243553,
"OECD","QGDP","TOT","PC_CHGPP","Q","2019-Q1",0.629846,
"OECD","QGDP","TOT","PC_CHGPP","Q","2019-Q2",0.416334,
"OECD","QGDP","TOT","PC_CHGPP","Q","2019-Q3",0.406081,
"OECD","QGDP","TOT","PC_CHGPP","Q","2019-Q4",0.1598,
"OECD","QGDP","TOT","PC_CHGPP","Q","2020-Q1",-1.8,
"USA","QGDP","TOT","PC_CHGPP","Q","1947-Q2",-0.266691,
"USA","QGDP","TOT","PC_CHGPP","Q","1947-Q3",-0.206496,
"USA","QGDP","TOT","PC_CHGPP","Q","1947-Q4",1.564208,
"USA","QGDP","TOT","PC_CHGPP","Q","1948-Q1",1.504256,
"USA","QGDP","TOT","PC_CHGPP","Q","1948-Q2",1.650658,
"USA","QGDP","TOT","PC_CHGPP","Q","1948-Q3",0.572897,
"USA","QGDP","TOT","PC_CHGPP","Q","1948-Q4",0.111742,
"USA","QGDP","TOT","PC_CHGPP","Q","1949-Q1",-1.377951,
"USA","QGDP","TOT","PC_CHGPP","Q","1949-Q2",-0.341097,
"USA","QGDP","TOT","PC_CHGPP","Q","1949-Q3",1.032415,
"USA","QGDP","TOT","PC_CHGPP","Q","1949-Q4",-0.839275,
"USA","QGDP","TOT","PC_CHGPP","Q","1950-Q1",3.930121,
"USA","QGDP","TOT","PC_CHGPP","Q","1950-Q2",3.049835,
"USA","QGDP","TOT","PC_CHGPP","Q","1950-Q3",3.864389,
"USA","QGDP","TOT","PC_CHGPP","Q","1950-Q4",1.914763,
"USA","QGDP","TOT","PC_CHGPP","Q","1951-Q1",1.358164,
"USA","QGDP","TOT","PC_CHGPP","Q","1951-Q2",1.732736,
"USA","QGDP","TOT","PC_CHGPP","Q","1951-Q3",2.060983,
"USA","QGDP","TOT","PC_CHGPP","Q","1951-Q4",0.220241,
"USA","QGDP","TOT","PC_CHGPP","Q","1952-Q1",1.068549,
"USA","QGDP","TOT","PC_CHGPP","Q","1952-Q2",0.215386,
"USA","QGDP","TOT","PC_CHGPP","Q","1952-Q3",0.721871,
"USA","QGDP","TOT","PC_CHGPP","Q","1952-Q4",3.284198,
"USA","QGDP","TOT","PC_CHGPP","Q","1953-Q1",1.858854,
"USA","QGDP","TOT","PC_CHGPP","Q","1953-Q2",0.772984,
"USA","QGDP","TOT","PC_CHGPP","Q","1953-Q3",-0.562694,
"USA","QGDP","TOT","PC_CHGPP","Q","1953-Q4",-1.513976,
"USA","QGDP","TOT","PC_CHGPP","Q","1954-Q1",-0.478013,
"USA","QGDP","TOT","PC_CHGPP","Q","1954-Q2",0.108991,
"USA","QGDP","TOT","PC_CHGPP","Q","1954-Q3",1.129364,
"USA","QGDP","TOT","PC_CHGPP","Q","1954-Q4",1.956683,
"USA","QGDP","TOT","PC_CHGPP","Q","1955-Q1",2.856249,
"USA","QGDP","TOT","PC_CHGPP","Q","1955-Q2",1.627179,
"USA","QGDP","TOT","PC_CHGPP","Q","1955-Q3",1.350478,
"USA","QGDP","TOT","PC_CHGPP","Q","1955-Q4",0.600325,
"USA","QGDP","TOT","PC_CHGPP","Q","1956-Q1",-0.388406,
"USA","QGDP","TOT","PC_CHGPP","Q","1956-Q2",0.826333,
"USA","QGDP","TOT","PC_CHGPP","Q","1956-Q3",-0.089833,
"USA","QGDP","TOT","PC_CHGPP","Q","1956-Q4",1.645929,
"USA","QGDP","TOT","PC_CHGPP","Q","1957-Q1",0.640392,
"USA","QGDP","TOT","PC_CHGPP","Q","1957-Q2",-0.219102,
"USA","QGDP","TOT","PC_CHGPP","Q","1957-Q3",0.979883,
"USA","QGDP","TOT","PC_CHGPP","Q","1957-Q4",-1.034588,
"USA","QGDP","TOT","PC_CHGPP","Q","1958-Q1",-2.595847,
"USA","QGDP","TOT","PC_CHGPP","Q","1958-Q2",0.657371,
"USA","QGDP","TOT","PC_CHGPP","Q","1958-Q3",2.313854,
"USA","QGDP","TOT","PC_CHGPP","Q","1958-Q4",2.339305,
"USA","QGDP","TOT","PC_CHGPP","Q","1959-Q1",1.921298,
"USA","QGDP","TOT","PC_CHGPP","Q","1959-Q2",2.25642,
"USA","QGDP","TOT","PC_CHGPP","Q","1959-Q3",0.071201,
"USA","QGDP","TOT","PC_CHGPP","Q","1959-Q4",0.285039,
"USA","QGDP","TOT","PC_CHGPP","Q","1960-Q1",2.247298,
"USA","QGDP","TOT","PC_CHGPP","Q","1960-Q2",-0.539387,
"USA","QGDP","TOT","PC_CHGPP","Q","1960-Q3",0.489275,
"USA","QGDP","TOT","PC_CHGPP","Q","1960-Q4",-1.283434,
"USA","QGDP","TOT","PC_CHGPP","Q","1961-Q1",0.675029,
"USA","QGDP","TOT","PC_CHGPP","Q","1961-Q2",1.697479,
"USA","QGDP","TOT","PC_CHGPP","Q","1961-Q3",1.919639,
"USA","QGDP","TOT","PC_CHGPP","Q","1961-Q4",1.961109,
"USA","QGDP","TOT","PC_CHGPP","Q","1962-Q1",1.783599,
"USA","QGDP","TOT","PC_CHGPP","Q","1962-Q2",0.903672,
"USA","QGDP","TOT","PC_CHGPP","Q","1962-Q3",1.228508,
"USA","QGDP","TOT","PC_CHGPP","Q","1962-Q4",0.328861,
"USA","QGDP","TOT","PC_CHGPP","Q","1963-Q1",1.091605,
"USA","QGDP","TOT","PC_CHGPP","Q","1963-Q2",1.122124,
"USA","QGDP","TOT","PC_CHGPP","Q","1963-Q3",2.198426,
"USA","QGDP","TOT","PC_CHGPP","Q","1963-Q4",0.655596,
"USA","QGDP","TOT","PC_CHGPP","Q","1964-Q1",2.108279,
"USA","QGDP","TOT","PC_CHGPP","Q","1964-Q2",1.088705,
"USA","QGDP","TOT","PC_CHGPP","Q","1964-Q3",1.562301,
"USA","QGDP","TOT","PC_CHGPP","Q","1964-Q4",0.308893,
"USA","QGDP","TOT","PC_CHGPP","Q","1965-Q1",2.419765,
"USA","QGDP","TOT","PC_CHGPP","Q","1965-Q2",1.263271,
"USA","QGDP","TOT","PC_CHGPP","Q","1965-Q3",2.223268,
"USA","QGDP","TOT","PC_CHGPP","Q","1965-Q4",2.304043,
"USA","QGDP","TOT","PC_CHGPP","Q","1966-Q1",2.434232,
"USA","QGDP","TOT","PC_CHGPP","Q","1966-Q2",0.341617,
"USA","QGDP","TOT","PC_CHGPP","Q","1966-Q3",0.846905,
"USA","QGDP","TOT","PC_CHGPP","Q","1966-Q4",0.820372,
"USA","QGDP","TOT","PC_CHGPP","Q","1967-Q1",0.885587,
"USA","QGDP","TOT","PC_CHGPP","Q","1967-Q2",0.061271,
"USA","QGDP","TOT","PC_CHGPP","Q","1967-Q3",0.946133,
"USA","QGDP","TOT","PC_CHGPP","Q","1967-Q4",0.75402,
"USA","QGDP","TOT","PC_CHGPP","Q","1968-Q1",2.039493,
"USA","QGDP","TOT","PC_CHGPP","Q","1968-Q2",1.670809,
"USA","QGDP","TOT","PC_CHGPP","Q","1968-Q3",0.774972,
"USA","QGDP","TOT","PC_CHGPP","Q","1968-Q4",0.393303,
"USA","QGDP","TOT","PC_CHGPP","Q","1969-Q1",1.565108,
"USA","QGDP","TOT","PC_CHGPP","Q","1969-Q2",0.304007,
"USA","QGDP","TOT","PC_CHGPP","Q","1969-Q3",0.660512,
"USA","QGDP","TOT","PC_CHGPP","Q","1969-Q4",-0.487685,
"USA","QGDP","TOT","PC_CHGPP","Q","1970-Q1",-0.148485,
"USA","QGDP","TOT","PC_CHGPP","Q","1970-Q2",0.14192,
"USA","QGDP","TOT","PC_CHGPP","Q","1970-Q3",0.921575,
"USA","QGDP","TOT","PC_CHGPP","Q","1970-Q4",-1.071644,
"USA","QGDP","TOT","PC_CHGPP","Q","1971-Q1",2.715991,
"USA","QGDP","TOT","PC_CHGPP","Q","1971-Q2",0.541112,
"USA","QGDP","TOT","PC_CHGPP","Q","1971-Q3",0.822985,
"USA","QGDP","TOT","PC_CHGPP","Q","1971-Q4",0.235779,
"USA","QGDP","TOT","PC_CHGPP","Q","1972-Q1",1.838953,
"USA","QGDP","TOT","PC_CHGPP","Q","1972-Q2",2.26976,
"USA","QGDP","TOT","PC_CHGPP","Q","1972-Q3",0.944391,
"USA","QGDP","TOT","PC_CHGPP","Q","1972-Q4",1.674461,
"USA","QGDP","TOT","PC_CHGPP","Q","1973-Q1",2.474813,
"USA","QGDP","TOT","PC_CHGPP","Q","1973-Q2",1.088651,
"USA","QGDP","TOT","PC_CHGPP","Q","1973-Q3",-0.525903,
"USA","QGDP","TOT","PC_CHGPP","Q","1973-Q4",0.949225,
"USA","QGDP","TOT","PC_CHGPP","Q","1974-Q1",-0.859765,
"USA","QGDP","TOT","PC_CHGPP","Q","1974-Q2",0.237677,
"USA","QGDP","TOT","PC_CHGPP","Q","1974-Q3",-0.945134,
"USA","QGDP","TOT","PC_CHGPP","Q","1974-Q4",-0.388141,
"USA","QGDP","TOT","PC_CHGPP","Q","1975-Q1",-1.217301,
"USA","QGDP","TOT","PC_CHGPP","Q","1975-Q2",0.714544,
"USA","QGDP","TOT","PC_CHGPP","Q","1975-Q3",1.711658,
"USA","QGDP","TOT","PC_CHGPP","Q","1975-Q4",1.346508,
"USA","QGDP","TOT","PC_CHGPP","Q","1976-Q1",2.248761,
"USA","QGDP","TOT","PC_CHGPP","Q","1976-Q2",0.733696,
"USA","QGDP","TOT","PC_CHGPP","Q","1976-Q3",0.54872,
"USA","QGDP","TOT","PC_CHGPP","Q","1976-Q4",0.724846,
"USA","QGDP","TOT","PC_CHGPP","Q","1977-Q1",1.181492,
"USA","QGDP","TOT","PC_CHGPP","Q","1977-Q2",1.944109,
"USA","QGDP","TOT","PC_CHGPP","Q","1977-Q3",1.804351,
"USA","QGDP","TOT","PC_CHGPP","Q","1977-Q4",0.002187,
"USA","QGDP","TOT","PC_CHGPP","Q","1978-Q1",0.319178,
"USA","QGDP","TOT","PC_CHGPP","Q","1978-Q2",3.864251,
"USA","QGDP","TOT","PC_CHGPP","Q","1978-Q3",1.005523,
"USA","QGDP","TOT","PC_CHGPP","Q","1978-Q4",1.344146,
"USA","QGDP","TOT","PC_CHGPP","Q","1979-Q1",0.179784,
"USA","QGDP","TOT","PC_CHGPP","Q","1979-Q2",0.106929,
"USA","QGDP","TOT","PC_CHGPP","Q","1979-Q3",0.742873,
"USA","QGDP","TOT","PC_CHGPP","Q","1979-Q4",0.250074,
"USA","QGDP","TOT","PC_CHGPP","Q","1980-Q1",0.314515,
"USA","QGDP","TOT","PC_CHGPP","Q","1980-Q2",-2.060477,
"USA","QGDP","TOT","PC_CHGPP","Q","1980-Q3",-0.118849,
"USA","QGDP","TOT","PC_CHGPP","Q","1980-Q4",1.864925,
"USA","QGDP","TOT","PC_CHGPP","Q","1981-Q1",1.959438,
"USA","QGDP","TOT","PC_CHGPP","Q","1981-Q2",-0.741078,
"USA","QGDP","TOT","PC_CHGPP","Q","1981-Q3",1.197524,
"USA","QGDP","TOT","PC_CHGPP","Q","1981-Q4",-1.089546,
"USA","QGDP","TOT","PC_CHGPP","Q","1982-Q1",-1.553541,
"USA","QGDP","TOT","PC_CHGPP","Q","1982-Q2",0.456197,
"USA","QGDP","TOT","PC_CHGPP","Q","1982-Q3",-0.382295,
"USA","QGDP","TOT","PC_CHGPP","Q","1982-Q4",0.039942,
"USA","QGDP","TOT","PC_CHGPP","Q","1983-Q1",1.317854,
"USA","QGDP","TOT","PC_CHGPP","Q","1983-Q2",2.275605,
"USA","QGDP","TOT","PC_CHGPP","Q","1983-Q3",1.999069,
"USA","QGDP","TOT","PC_CHGPP","Q","1983-Q4",2.086219,
"USA","QGDP","TOT","PC_CHGPP","Q","1984-Q1",1.95477,
"USA","QGDP","TOT","PC_CHGPP","Q","1984-Q2",1.727791,
"USA","QGDP","TOT","PC_CHGPP","Q","1984-Q3",0.964064,
"USA","QGDP","TOT","PC_CHGPP","Q","1984-Q4",0.820863,
"USA","QGDP","TOT","PC_CHGPP","Q","1985-Q1",0.969087,
"USA","QGDP","TOT","PC_CHGPP","Q","1985-Q2",0.880455,
"USA","QGDP","TOT","PC_CHGPP","Q","1985-Q3",1.527124,
"USA","QGDP","TOT","PC_CHGPP","Q","1985-Q4",0.743292,
"USA","QGDP","TOT","PC_CHGPP","Q","1986-Q1",0.933504,
"USA","QGDP","TOT","PC_CHGPP","Q","1986-Q2",0.450384,
"USA","QGDP","TOT","PC_CHGPP","Q","1986-Q3",0.957032,
"USA","QGDP","TOT","PC_CHGPP","Q","1986-Q4",0.537076,
"USA","QGDP","TOT","PC_CHGPP","Q","1987-Q1",0.745171,
"USA","QGDP","TOT","PC_CHGPP","Q","1987-Q2",1.078898,
"USA","QGDP","TOT","PC_CHGPP","Q","1987-Q3",0.867612,
"USA","QGDP","TOT","PC_CHGPP","Q","1987-Q4",1.717053,
"USA","QGDP","TOT","PC_CHGPP","Q","1988-Q1",0.516626,
"USA","QGDP","TOT","PC_CHGPP","Q","1988-Q2",1.313867,
"USA","QGDP","TOT","PC_CHGPP","Q","1988-Q3",0.585929,
"USA","QGDP","TOT","PC_CHGPP","Q","1988-Q4",1.332496,
"USA","QGDP","TOT","PC_CHGPP","Q","1989-Q1",1.016602,
"USA","QGDP","TOT","PC_CHGPP","Q","1989-Q2",0.763269,
"USA","QGDP","TOT","PC_CHGPP","Q","1989-Q3",0.740881,
"USA","QGDP","TOT","PC_CHGPP","Q","1989-Q4",0.197047,
"USA","QGDP","TOT","PC_CHGPP","Q","1990-Q1",1.09279,
"USA","QGDP","TOT","PC_CHGPP","Q","1990-Q2",0.362908,
"USA","QGDP","TOT","PC_CHGPP","Q","1990-Q3",0.066523,
"USA","QGDP","TOT","PC_CHGPP","Q","1990-Q4",-0.910379,
"USA","QGDP","TOT","PC_CHGPP","Q","1991-Q1",-0.467844,
"USA","QGDP","TOT","PC_CHGPP","Q","1991-Q2",0.779719,
"USA","QGDP","TOT","PC_CHGPP","Q","1991-Q3",0.505297,
"USA","QGDP","TOT","PC_CHGPP","Q","1991-Q4",0.348499,
"USA","QGDP","TOT","PC_CHGPP","Q","1992-Q1",1.197052,
"USA","QGDP","TOT","PC_CHGPP","Q","1992-Q2",1.084353,
"USA","QGDP","TOT","PC_CHGPP","Q","1992-Q3",0.988272,
"USA","QGDP","TOT","PC_CHGPP","Q","1992-Q4",1.043165,
"USA","QGDP","TOT","PC_CHGPP","Q","1993-Q1",0.1674,
"USA","QGDP","TOT","PC_CHGPP","Q","1993-Q2",0.58242,
"USA","QGDP","TOT","PC_CHGPP","Q","1993-Q3",0.477315,
"USA","QGDP","TOT","PC_CHGPP","Q","1993-Q4",1.360113,
"USA","QGDP","TOT","PC_CHGPP","Q","1994-Q1",0.970216,
"USA","QGDP","TOT","PC_CHGPP","Q","1994-Q2",1.355046,
"USA","QGDP","TOT","PC_CHGPP","Q","1994-Q3",0.584515,
"USA","QGDP","TOT","PC_CHGPP","Q","1994-Q4",1.145524,
"USA","QGDP","TOT","PC_CHGPP","Q","1995-Q1",0.354756,
"USA","QGDP","TOT","PC_CHGPP","Q","1995-Q2",0.298341,
"USA","QGDP","TOT","PC_CHGPP","Q","1995-Q3",0.850678,
"USA","QGDP","TOT","PC_CHGPP","Q","1995-Q4",0.679021,
"USA","QGDP","TOT","PC_CHGPP","Q","1996-Q1",0.748947,
"USA","QGDP","TOT","PC_CHGPP","Q","1996-Q2",1.667847,
"USA","QGDP","TOT","PC_CHGPP","Q","1996-Q3",0.896991,
"USA","QGDP","TOT","PC_CHGPP","Q","1996-Q4",1.038382,
"USA","QGDP","TOT","PC_CHGPP","Q","1997-Q1",0.645564,
"USA","QGDP","TOT","PC_CHGPP","Q","1997-Q2",1.662001,
"USA","QGDP","TOT","PC_CHGPP","Q","1997-Q3",1.250848,
"USA","QGDP","TOT","PC_CHGPP","Q","1997-Q4",0.858817,
"USA","QGDP","TOT","PC_CHGPP","Q","1998-Q1",0.99948,
"USA","QGDP","TOT","PC_CHGPP","Q","1998-Q2",0.925807,
"USA","QGDP","TOT","PC_CHGPP","Q","1998-Q3",1.252567,
"USA","QGDP","TOT","PC_CHGPP","Q","1998-Q4",1.61588,
"USA","QGDP","TOT","PC_CHGPP","Q","1999-Q1",0.946472,
"USA","QGDP","TOT","PC_CHGPP","Q","1999-Q2",0.769159,
"USA","QGDP","TOT","PC_CHGPP","Q","1999-Q3",1.309665,
"USA","QGDP","TOT","PC_CHGPP","Q","1999-Q4",1.699585,
"USA","QGDP","TOT","PC_CHGPP","Q","2000-Q1",0.36176,
"USA","QGDP","TOT","PC_CHGPP","Q","2000-Q2",1.831165,
"USA","QGDP","TOT","PC_CHGPP","Q","2000-Q3",0.133555,
"USA","QGDP","TOT","PC_CHGPP","Q","2000-Q4",0.62289,
"USA","QGDP","TOT","PC_CHGPP","Q","2001-Q1",-0.285178,
"USA","QGDP","TOT","PC_CHGPP","Q","2001-Q2",0.584556,
"USA","QGDP","TOT","PC_CHGPP","Q","2001-Q3",-0.415038,
"USA","QGDP","TOT","PC_CHGPP","Q","2001-Q4",0.272371,
"USA","QGDP","TOT","PC_CHGPP","Q","2002-Q1",0.874514,
"USA","QGDP","TOT","PC_CHGPP","Q","2002-Q2",0.605733,
"USA","QGDP","TOT","PC_CHGPP","Q","2002-Q3",0.444571,
"USA","QGDP","TOT","PC_CHGPP","Q","2002-Q4",0.154823,
"USA","QGDP","TOT","PC_CHGPP","Q","2003-Q1",0.554767,
"USA","QGDP","TOT","PC_CHGPP","Q","2003-Q2",0.86026,
"USA","QGDP","TOT","PC_CHGPP","Q","2003-Q3",1.698209,
"USA","QGDP","TOT","PC_CHGPP","Q","2003-Q4",1.148167,
"USA","QGDP","TOT","PC_CHGPP","Q","2004-Q1",0.533747,
"USA","QGDP","TOT","PC_CHGPP","Q","2004-Q2",0.762076,
"USA","QGDP","TOT","PC_CHGPP","Q","2004-Q3",0.945328,
"USA","QGDP","TOT","PC_CHGPP","Q","2004-Q4",1.001674,
"USA","QGDP","TOT","PC_CHGPP","Q","2005-Q1",1.106964,
"USA","QGDP","TOT","PC_CHGPP","Q","2005-Q2",0.461561,
"USA","QGDP","TOT","PC_CHGPP","Q","2005-Q3",0.891334,
"USA","QGDP","TOT","PC_CHGPP","Q","2005-Q4",0.631463,
"USA","QGDP","TOT","PC_CHGPP","Q","2006-Q1",1.330287,
"USA","QGDP","TOT","PC_CHGPP","Q","2006-Q2",0.2337,
"USA","QGDP","TOT","PC_CHGPP","Q","2006-Q3",0.154633,
"USA","QGDP","TOT","PC_CHGPP","Q","2006-Q4",0.851865,
"USA","QGDP","TOT","PC_CHGPP","Q","2007-Q1",0.235493,
"USA","QGDP","TOT","PC_CHGPP","Q","2007-Q2",0.572872,
"USA","QGDP","TOT","PC_CHGPP","Q","2007-Q3",0.543271,
"USA","QGDP","TOT","PC_CHGPP","Q","2007-Q4",0.607842,
"USA","QGDP","TOT","PC_CHGPP","Q","2008-Q1",-0.5747,
"USA","QGDP","TOT","PC_CHGPP","Q","2008-Q2",0.516387,
"USA","QGDP","TOT","PC_CHGPP","Q","2008-Q3",-0.541356,
"USA","QGDP","TOT","PC_CHGPP","Q","2008-Q4",-2.163811,
"USA","QGDP","TOT","PC_CHGPP","Q","2009-Q1",-1.122695,
"USA","QGDP","TOT","PC_CHGPP","Q","2009-Q2",-0.14399,
"USA","QGDP","TOT","PC_CHGPP","Q","2009-Q3",0.364111,
"USA","QGDP","TOT","PC_CHGPP","Q","2009-Q4",1.098384,
"USA","QGDP","TOT","PC_CHGPP","Q","2010-Q1",0.38478,
"USA","QGDP","TOT","PC_CHGPP","Q","2010-Q2",0.922028,
"USA","QGDP","TOT","PC_CHGPP","Q","2010-Q3",0.737211,
"USA","QGDP","TOT","PC_CHGPP","Q","2010-Q4",0.501903,
"USA","QGDP","TOT","PC_CHGPP","Q","2011-Q1",-0.240441,
"USA","QGDP","TOT","PC_CHGPP","Q","2011-Q2",0.714973,
"USA","QGDP","TOT","PC_CHGPP","Q","2011-Q3",-0.027779,
"USA","QGDP","TOT","PC_CHGPP","Q","2011-Q4",1.159285,
"USA","QGDP","TOT","PC_CHGPP","Q","2012-Q1",0.782993,
"USA","QGDP","TOT","PC_CHGPP","Q","2012-Q2",0.430202,
"USA","QGDP","TOT","PC_CHGPP","Q","2012-Q3",0.134948,
"USA","QGDP","TOT","PC_CHGPP","Q","2012-Q4",0.113873,
"USA","QGDP","TOT","PC_CHGPP","Q","2013-Q1",0.885675,
"USA","QGDP","TOT","PC_CHGPP","Q","2013-Q2",0.123396,
"USA","QGDP","TOT","PC_CHGPP","Q","2013-Q3",0.783415,
"USA","QGDP","TOT","PC_CHGPP","Q","2013-Q4",0.798249,
"USA","QGDP","TOT","PC_CHGPP","Q","2014-Q1",-0.282705,
"USA","QGDP","TOT","PC_CHGPP","Q","2014-Q2",1.353681,
"USA","QGDP","TOT","PC_CHGPP","Q","2014-Q3",1.220932,
"USA","QGDP","TOT","PC_CHGPP","Q","2014-Q4",0.562794,
"USA","QGDP","TOT","PC_CHGPP","Q","2015-Q1",0.78482,
"USA","QGDP","TOT","PC_CHGPP","Q","2015-Q2",0.74136,
"USA","QGDP","TOT","PC_CHGPP","Q","2015-Q3",0.330657,
"USA","QGDP","TOT","PC_CHGPP","Q","2015-Q4",0.032525,
"USA","QGDP","TOT","PC_CHGPP","Q","2016-Q1",0.503392,
"USA","QGDP","TOT","PC_CHGPP","Q","2016-Q2",0.470347,
"USA","QGDP","TOT","PC_CHGPP","Q","2016-Q3",0.542291,
"USA","QGDP","TOT","PC_CHGPP","Q","2016-Q4",0.502716,
"USA","QGDP","TOT","PC_CHGPP","Q","2017-Q1",0.566785,
"USA","QGDP","TOT","PC_CHGPP","Q","2017-Q2",0.534397,
"USA","QGDP","TOT","PC_CHGPP","Q","2017-Q3",0.790798,
"USA","QGDP","TOT","PC_CHGPP","Q","2017-Q4",0.874862,
"USA","QGDP","TOT","PC_CHGPP","Q","2018-Q1",0.631956,
"USA","QGDP","TOT","PC_CHGPP","Q","2018-Q2",0.867116,
"USA","QGDP","TOT","PC_CHGPP","Q","2018-Q3",0.723648,
"USA","QGDP","TOT","PC_CHGPP","Q","2018-Q4",0.271333,
"USA","QGDP","TOT","PC_CHGPP","Q","2019-Q1",0.765207,
"USA","QGDP","TOT","PC_CHGPP","Q","2019-Q2",0.499697,
"USA","QGDP","TOT","PC_CHGPP","Q","2019-Q3",0.521779,
"USA","QGDP","TOT","PC_CHGPP","Q","2019-Q4",0.527469,
"USA","QGDP","TOT","PC_CHGPP","Q","2020-Q1",-1.286382,
"G-7","QGDP","TOT","PC_CHGPP","Q","1962-Q2",1.037677,
"G-7","QGDP","TOT","PC_CHGPP","Q","1962-Q3",1.297208,
"G-7","QGDP","TOT","PC_CHGPP","Q","1962-Q4",0.590089,
"G-7","QGDP","TOT","PC_CHGPP","Q","1963-Q1",0.15741,
"G-7","QGDP","TOT","PC_CHGPP","Q","1963-Q2",2.451308,
"G-7","QGDP","TOT","PC_CHGPP","Q","1963-Q3",2.257859,
"G-7","QGDP","TOT","PC_CHGPP","Q","1963-Q4",1.166885,
"G-7","QGDP","TOT","PC_CHGPP","Q","1964-Q1",1.919976,
"G-7","QGDP","TOT","PC_CHGPP","Q","1964-Q2",1.099875,
"G-7","QGDP","TOT","PC_CHGPP","Q","1964-Q3",1.195919,
"G-7","QGDP","TOT","PC_CHGPP","Q","1964-Q4",0.662623,
"G-7","QGDP","TOT","PC_CHGPP","Q","1965-Q1",1.664547,
"G-7","QGDP","TOT","PC_CHGPP","Q","1965-Q2",1.330556,
"G-7","QGDP","TOT","PC_CHGPP","Q","1965-Q3",1.72219,
"G-7","QGDP","TOT","PC_CHGPP","Q","1965-Q4",1.715292,
"G-7","QGDP","TOT","PC_CHGPP","Q","1966-Q1",1.919377,
"G-7","QGDP","TOT","PC_CHGPP","Q","1966-Q2",0.979821,
"G-7","QGDP","TOT","PC_CHGPP","Q","1966-Q3",1.00901,
"G-7","QGDP","TOT","PC_CHGPP","Q","1966-Q4",0.497001,
"G-7","QGDP","TOT","PC_CHGPP","Q","1967-Q1",1.047145,
"G-7","QGDP","TOT","PC_CHGPP","Q","1967-Q2",0.756778,
"G-7","QGDP","TOT","PC_CHGPP","Q","1967-Q3",1.399284,
"G-7","QGDP","TOT","PC_CHGPP","Q","1967-Q4",1.035195,
"G-7","QGDP","TOT","PC_CHGPP","Q","1968-Q1",1.986631,
"G-7","QGDP","TOT","PC_CHGPP","Q","1968-Q2",0.93348,
"G-7","QGDP","TOT","PC_CHGPP","Q","1968-Q3",2.154739,
"G-7","QGDP","TOT","PC_CHGPP","Q","1968-Q4",1.4237,
"G-7","QGDP","TOT","PC_CHGPP","Q","1969-Q1",1.32399,
"G-7","QGDP","TOT","PC_CHGPP","Q","1969-Q2",1.092421,
"G-7","QGDP","TOT","PC_CHGPP","Q","1969-Q3",1.070091,
"G-7","QGDP","TOT","PC_CHGPP","Q","1969-Q4",0.484758,
"G-7","QGDP","TOT","PC_CHGPP","Q","1970-Q1",0.727592,
"G-7","QGDP","TOT","PC_CHGPP","Q","1970-Q2",1.093972,
"G-7","QGDP","TOT","PC_CHGPP","Q","1970-Q3",1.423999,
"G-7","QGDP","TOT","PC_CHGPP","Q","1970-Q4",-0.19357,
"G-7","QGDP","TOT","PC_CHGPP","Q","1971-Q1",0.959249,
"G-7","QGDP","TOT","PC_CHGPP","Q","1971-Q2",1.183479,
"G-7","QGDP","TOT","PC_CHGPP","Q","1971-Q3",1.272205,
"G-7","QGDP","TOT","PC_CHGPP","Q","1971-Q4",0.414129,
"G-7","QGDP","TOT","PC_CHGPP","Q","1972-Q1",1.47884,
"G-7","QGDP","TOT","PC_CHGPP","Q","1972-Q2",1.84966,
"G-7","QGDP","TOT","PC_CHGPP","Q","1972-Q3",1.237104,
"G-7","QGDP","TOT","PC_CHGPP","Q","1972-Q4",1.706207,
"G-7","QGDP","TOT","PC_CHGPP","Q","1973-Q1",2.51717,
"G-7","QGDP","TOT","PC_CHGPP","Q","1973-Q2",1.081313,
"G-7","QGDP","TOT","PC_CHGPP","Q","1973-Q3",0.103213,
"G-7","QGDP","TOT","PC_CHGPP","Q","1973-Q4",0.971393,
"G-7","QGDP","TOT","PC_CHGPP","Q","1974-Q1",-0.833947,
"G-7","QGDP","TOT","PC_CHGPP","Q","1974-Q2",0.483268,
"G-7","QGDP","TOT","PC_CHGPP","Q","1974-Q3",-0.086632,
"G-7","QGDP","TOT","PC_CHGPP","Q","1974-Q4",-0.848799,
"G-7","QGDP","TOT","PC_CHGPP","Q","1975-Q1",-0.785442,
"G-7","QGDP","TOT","PC_CHGPP","Q","1975-Q2",0.510174,
"G-7","QGDP","TOT","PC_CHGPP","Q","1975-Q3",1.251207,
"G-7","QGDP","TOT","PC_CHGPP","Q","1975-Q4",1.33728,
"G-7","QGDP","TOT","PC_CHGPP","Q","1976-Q1",1.68773,
"G-7","QGDP","TOT","PC_CHGPP","Q","1976-Q2",0.920342,
"G-7","QGDP","TOT","PC_CHGPP","Q","1976-Q3",0.819496,
"G-7","QGDP","TOT","PC_CHGPP","Q","1976-Q4",0.99067,
"G-7","QGDP","TOT","PC_CHGPP","Q","1977-Q1",1.104664,
"G-7","QGDP","TOT","PC_CHGPP","Q","1977-Q2",0.979374,
"G-7","QGDP","TOT","PC_CHGPP","Q","1977-Q3",0.930113,
"G-7","QGDP","TOT","PC_CHGPP","Q","1977-Q4",0.708036,
"G-7","QGDP","TOT","PC_CHGPP","Q","1978-Q1",0.827248,
"G-7","QGDP","TOT","PC_CHGPP","Q","1978-Q2",2.286405,
"G-7","QGDP","TOT","PC_CHGPP","Q","1978-Q3",0.985762,
"G-7","QGDP","TOT","PC_CHGPP","Q","1978-Q4",1.257627,
"G-7","QGDP","TOT","PC_CHGPP","Q","1979-Q1",0.522667,
"G-7","QGDP","TOT","PC_CHGPP","Q","1979-Q2",1.244923,
"G-7","QGDP","TOT","PC_CHGPP","Q","1979-Q3",0.522609,
"G-7","QGDP","TOT","PC_CHGPP","Q","1979-Q4",0.571712,
"G-7","QGDP","TOT","PC_CHGPP","Q","1980-Q1",0.321476,
"G-7","QGDP","TOT","PC_CHGPP","Q","1980-Q2",-1.196591,
"G-7","QGDP","TOT","PC_CHGPP","Q","1980-Q3",0.239487,
"G-7","QGDP","TOT","PC_CHGPP","Q","1980-Q4",1.158899,
"G-7","QGDP","TOT","PC_CHGPP","Q","1981-Q1",1.166608,
"G-7","QGDP","TOT","PC_CHGPP","Q","1981-Q2",-0.037968,
"G-7","QGDP","TOT","PC_CHGPP","Q","1981-Q3",0.620866,
"G-7","QGDP","TOT","PC_CHGPP","Q","1981-Q4",-0.276795,
"G-7","QGDP","TOT","PC_CHGPP","Q","1982-Q1",-0.350779,
"G-7","QGDP","TOT","PC_CHGPP","Q","1982-Q2",0.29416,
"G-7","QGDP","TOT","PC_CHGPP","Q","1982-Q3",-0.232193,
"G-7","QGDP","TOT","PC_CHGPP","Q","1982-Q4",0.315515,
"G-7","QGDP","TOT","PC_CHGPP","Q","1983-Q1",0.957901,
"G-7","QGDP","TOT","PC_CHGPP","Q","1983-Q2",1.365917,
"G-7","QGDP","TOT","PC_CHGPP","Q","1983-Q3",1.383324,
"G-7","QGDP","TOT","PC_CHGPP","Q","1983-Q4",1.544831,
"G-7","QGDP","TOT","PC_CHGPP","Q","1984-Q1",1.362461,
"G-7","QGDP","TOT","PC_CHGPP","Q","1984-Q2",0.887944,
"G-7","QGDP","TOT","PC_CHGPP","Q","1984-Q3",1.14177,
"G-7","QGDP","TOT","PC_CHGPP","Q","1984-Q4",0.729758,
"G-7","QGDP","TOT","PC_CHGPP","Q","1985-Q1",0.953241,
"G-7","QGDP","TOT","PC_CHGPP","Q","1985-Q2",1.176213,
"G-7","QGDP","TOT","PC_CHGPP","Q","1985-Q3",1.216913,
"G-7","QGDP","TOT","PC_CHGPP","Q","1985-Q4",0.78278,
"G-7","QGDP","TOT","PC_CHGPP","Q","1986-Q1",0.579274,
"G-7","QGDP","TOT","PC_CHGPP","Q","1986-Q2",0.504089,
"G-7","QGDP","TOT","PC_CHGPP","Q","1986-Q3",0.758008,
"G-7","QGDP","TOT","PC_CHGPP","Q","1986-Q4",0.646373,
"G-7","QGDP","TOT","PC_CHGPP","Q","1987-Q1",0.247085,
"G-7","QGDP","TOT","PC_CHGPP","Q","1987-Q2",1.459,
"G-7","QGDP","TOT","PC_CHGPP","Q","1987-Q3",1.12933,
"G-7","QGDP","TOT","PC_CHGPP","Q","1987-Q4",1.732951,
"G-7","QGDP","TOT","PC_CHGPP","Q","1988-Q1",0.935152,
"G-7","QGDP","TOT","PC_CHGPP","Q","1988-Q2",0.940206,
"G-7","QGDP","TOT","PC_CHGPP","Q","1988-Q3",1.088655,
"G-7","QGDP","TOT","PC_CHGPP","Q","1988-Q4",1.171652,
"G-7","QGDP","TOT","PC_CHGPP","Q","1989-Q1",1.251099,
"G-7","QGDP","TOT","PC_CHGPP","Q","1989-Q2",0.314848,
"G-7","QGDP","TOT","PC_CHGPP","Q","1989-Q3",0.923883,
"G-7","QGDP","TOT","PC_CHGPP","Q","1989-Q4",0.937085,
"G-7","QGDP","TOT","PC_CHGPP","Q","1990-Q1",0.782363,
"G-7","QGDP","TOT","PC_CHGPP","Q","1990-Q2",0.855828,
"G-7","QGDP","TOT","PC_CHGPP","Q","1990-Q3",0.493647,
"G-7","QGDP","TOT","PC_CHGPP","Q","1990-Q4",-0.323654,
"G-7","QGDP","TOT","PC_CHGPP","Q","1991-Q1",0.338074,
"G-7","QGDP","TOT","PC_CHGPP","Q","1991-Q2",0.50119,
"G-7","QGDP","TOT","PC_CHGPP","Q","1991-Q3",0.157916,
"G-7","QGDP","TOT","PC_CHGPP","Q","1991-Q4",0.573426,
"G-7","QGDP","TOT","PC_CHGPP","Q","1992-Q1",0.798467,
"G-7","QGDP","TOT","PC_CHGPP","Q","1992-Q2",0.443436,
"G-7","QGDP","TOT","PC_CHGPP","Q","1992-Q3",0.474931,
"G-7","QGDP","TOT","PC_CHGPP","Q","1992-Q4",0.317593,
"G-7","QGDP","TOT","PC_CHGPP","Q","1993-Q1",0.206913,
"G-7","QGDP","TOT","PC_CHGPP","Q","1993-Q2",0.20435,
"G-7","QGDP","TOT","PC_CHGPP","Q","1993-Q3",0.24798,
"G-7","QGDP","TOT","PC_CHGPP","Q","1993-Q4",0.841438,
"G-7","QGDP","TOT","PC_CHGPP","Q","1994-Q1",1.001076,
"G-7","QGDP","TOT","PC_CHGPP","Q","1994-Q2",0.832618,
"G-7","QGDP","TOT","PC_CHGPP","Q","1994-Q3",0.765789,
"G-7","QGDP","TOT","PC_CHGPP","Q","1994-Q4",0.784412,
"G-7","QGDP","TOT","PC_CHGPP","Q","1995-Q1",0.519613,
"G-7","QGDP","TOT","PC_CHGPP","Q","1995-Q2",0.465284,
"G-7","QGDP","TOT","PC_CHGPP","Q","1995-Q3",0.724559,
"G-7","QGDP","TOT","PC_CHGPP","Q","1995-Q4",0.452188,
"G-7","QGDP","TOT","PC_CHGPP","Q","1996-Q1",0.508536,
"G-7","QGDP","TOT","PC_CHGPP","Q","1996-Q2",1.202427,
"G-7","QGDP","TOT","PC_CHGPP","Q","1996-Q3",0.602309,
"G-7","QGDP","TOT","PC_CHGPP","Q","1996-Q4",0.828645,
"G-7","QGDP","TOT","PC_CHGPP","Q","1997-Q1",0.490808,
"G-7","QGDP","TOT","PC_CHGPP","Q","1997-Q2",1.080374,
"G-7","QGDP","TOT","PC_CHGPP","Q","1997-Q3",0.852773,
"G-7","QGDP","TOT","PC_CHGPP","Q","1997-Q4",0.808024,
"G-7","QGDP","TOT","PC_CHGPP","Q","1998-Q1",0.516795,
"G-7","QGDP","TOT","PC_CHGPP","Q","1998-Q2",0.48686,
"G-7","QGDP","TOT","PC_CHGPP","Q","1998-Q3",0.814663,
"G-7","QGDP","TOT","PC_CHGPP","Q","1998-Q4",0.993289,
"G-7","QGDP","TOT","PC_CHGPP","Q","1999-Q1",0.565878,
"G-7","QGDP","TOT","PC_CHGPP","Q","1999-Q2",0.558586,
"G-7","QGDP","TOT","PC_CHGPP","Q","1999-Q3",1.177187,
"G-7","QGDP","TOT","PC_CHGPP","Q","1999-Q4",1.272949,
"G-7","QGDP","TOT","PC_CHGPP","Q","2000-Q1",0.881404,
"G-7","QGDP","TOT","PC_CHGPP","Q","2000-Q2",1.211969,
"G-7","QGDP","TOT","PC_CHGPP","Q","2000-Q3",0.231395,
"G-7","QGDP","TOT","PC_CHGPP","Q","2000-Q4",0.600177,
"G-7","QGDP","TOT","PC_CHGPP","Q","2001-Q1",0.363304,
"G-7","QGDP","TOT","PC_CHGPP","Q","2001-Q2",0.255573,
"G-7","QGDP","TOT","PC_CHGPP","Q","2001-Q3",-0.312818,
"G-7","QGDP","TOT","PC_CHGPP","Q","2001-Q4",0.120277,
"G-7","QGDP","TOT","PC_CHGPP","Q","2002-Q1",0.503263,
"G-7","QGDP","TOT","PC_CHGPP","Q","2002-Q2",0.584478,
"G-7","QGDP","TOT","PC_CHGPP","Q","2002-Q3",0.450492,
"G-7","QGDP","TOT","PC_CHGPP","Q","2002-Q4",0.214462,
"G-7","QGDP","TOT","PC_CHGPP","Q","2003-Q1",0.17613,
"G-7","QGDP","TOT","PC_CHGPP","Q","2003-Q2",0.558901,
"G-7","QGDP","TOT","PC_CHGPP","Q","2003-Q3",1.092112,
"G-7","QGDP","TOT","PC_CHGPP","Q","2003-Q4",0.966079,
"G-7","QGDP","TOT","PC_CHGPP","Q","2004-Q1",0.50838,
"G-7","QGDP","TOT","PC_CHGPP","Q","2004-Q2",0.56663,
"G-7","QGDP","TOT","PC_CHGPP","Q","2004-Q3",0.620554,
"G-7","QGDP","TOT","PC_CHGPP","Q","2004-Q4",0.567992,
"G-7","QGDP","TOT","PC_CHGPP","Q","2005-Q1",0.703343,
"G-7","QGDP","TOT","PC_CHGPP","Q","2005-Q2",0.569088,
"G-7","QGDP","TOT","PC_CHGPP","Q","2005-Q3",0.883331,
"G-7","QGDP","TOT","PC_CHGPP","Q","2005-Q4",0.601847,
"G-7","QGDP","TOT","PC_CHGPP","Q","2006-Q1",0.920119,
"G-7","QGDP","TOT","PC_CHGPP","Q","2006-Q2",0.458977,
"G-7","QGDP","TOT","PC_CHGPP","Q","2006-Q3",0.171646,
"G-7","QGDP","TOT","PC_CHGPP","Q","2006-Q4",0.957908,
"G-7","QGDP","TOT","PC_CHGPP","Q","2007-Q1",0.386459,
"G-7","QGDP","TOT","PC_CHGPP","Q","2007-Q2",0.533781,
"G-7","QGDP","TOT","PC_CHGPP","Q","2007-Q3",0.358304,
"G-7","QGDP","TOT","PC_CHGPP","Q","2007-Q4",0.46965,
"G-7","QGDP","TOT","PC_CHGPP","Q","2008-Q1",-0.032222,
"G-7","QGDP","TOT","PC_CHGPP","Q","2008-Q2",0.048887,
"G-7","QGDP","TOT","PC_CHGPP","Q","2008-Q3",-0.697141,
"G-7","QGDP","TOT","PC_CHGPP","Q","2008-Q4",-2.058069,
"G-7","QGDP","TOT","PC_CHGPP","Q","2009-Q1",-2.278271,
"G-7","QGDP","TOT","PC_CHGPP","Q","2009-Q2",0.14535,
"G-7","QGDP","TOT","PC_CHGPP","Q","2009-Q3",0.314011,
"G-7","QGDP","TOT","PC_CHGPP","Q","2009-Q4",0.963376,
"G-7","QGDP","TOT","PC_CHGPP","Q","2010-Q1",0.545848,
"G-7","QGDP","TOT","PC_CHGPP","Q","2010-Q2",1.064066,
"G-7","QGDP","TOT","PC_CHGPP","Q","2010-Q3",0.867413,
"G-7","QGDP","TOT","PC_CHGPP","Q","2010-Q4",0.35756,
"G-7","QGDP","TOT","PC_CHGPP","Q","2011-Q1",0.062633,
"G-7","QGDP","TOT","PC_CHGPP","Q","2011-Q2",0.293079,
"G-7","QGDP","TOT","PC_CHGPP","Q","2011-Q3",0.501689,
"G-7","QGDP","TOT","PC_CHGPP","Q","2011-Q4",0.522922,
"G-7","QGDP","TOT","PC_CHGPP","Q","2012-Q1",0.556283,
"G-7","QGDP","TOT","PC_CHGPP","Q","2012-Q2",0.066603,
"G-7","QGDP","TOT","PC_CHGPP","Q","2012-Q3",0.116469,
"G-7","QGDP","TOT","PC_CHGPP","Q","2012-Q4",-0.009101,
"G-7","QGDP","TOT","PC_CHGPP","Q","2013-Q1",0.590783,
"G-7","QGDP","TOT","PC_CHGPP","Q","2013-Q2",0.399053,
"G-7","QGDP","TOT","PC_CHGPP","Q","2013-Q3",0.681866,
"G-7","QGDP","TOT","PC_CHGPP","Q","2013-Q4",0.532999,
"G-7","QGDP","TOT","PC_CHGPP","Q","2014-Q1",0.176376,
"G-7","QGDP","TOT","PC_CHGPP","Q","2014-Q2",0.480605,
"G-7","QGDP","TOT","PC_CHGPP","Q","2014-Q3",0.797986,
"G-7","QGDP","TOT","PC_CHGPP","Q","2014-Q4",0.50825,
"G-7","QGDP","TOT","PC_CHGPP","Q","2015-Q1",0.623544,
"G-7","QGDP","TOT","PC_CHGPP","Q","2015-Q2",0.512275,
"G-7","QGDP","TOT","PC_CHGPP","Q","2015-Q3",0.298095,
"G-7","QGDP","TOT","PC_CHGPP","Q","2015-Q4",0.116158,
"G-7","QGDP","TOT","PC_CHGPP","Q","2016-Q1",0.510242,
"G-7","QGDP","TOT","PC_CHGPP","Q","2016-Q2",0.322781,
"G-7","QGDP","TOT","PC_CHGPP","Q","2016-Q3",0.450569,
"G-7","QGDP","TOT","PC_CHGPP","Q","2016-Q4",0.469071,
"G-7","QGDP","TOT","PC_CHGPP","Q","2017-Q1",0.761697,
"G-7","QGDP","TOT","PC_CHGPP","Q","2017-Q2",0.518237,
"G-7","QGDP","TOT","PC_CHGPP","Q","2017-Q3",0.678034,
"G-7","QGDP","TOT","PC_CHGPP","Q","2017-Q4",0.719607,
"G-7","QGDP","TOT","PC_CHGPP","Q","2018-Q1",0.313084,
"G-7","QGDP","TOT","PC_CHGPP","Q","2018-Q2",0.601534,
"G-7","QGDP","TOT","PC_CHGPP","Q","2018-Q3",0.329145,
"G-7","QGDP","TOT","PC_CHGPP","Q","2018-Q4",0.306608,
"G-7","QGDP","TOT","PC_CHGPP","Q","2019-Q1",0.626289,
"G-7","QGDP","TOT","PC_CHGPP","Q","2019-Q2",0.344275,
"G-7","QGDP","TOT","PC_CHGPP","Q","2019-Q3",0.366754,
"G-7","QGDP","TOT","PC_CHGPP","Q","2019-Q4",0.006006,
"G-7","QGDP","TOT","PC_CHGPP","Q","2020-Q1",-2.018881,
"G-20","QGDP","TOT","PC_CHGPP","Q","1998-Q2",0.398066,
"G-20","QGDP","TOT","PC_CHGPP","Q","1998-Q3",0.716233,
"G-20","QGDP","TOT","PC_CHGPP","Q","1998-Q4",0.760454,
"G-20","QGDP","TOT","PC_CHGPP","Q","1999-Q1",0.90341,
"G-20","QGDP","TOT","PC_CHGPP","Q","1999-Q2",0.93708,
"G-20","QGDP","TOT","PC_CHGPP","Q","1999-Q3",1.215416,
"G-20","QGDP","TOT","PC_CHGPP","Q","1999-Q4",1.38179,
"G-20","QGDP","TOT","PC_CHGPP","Q","2000-Q1",1.334709,
"G-20","QGDP","TOT","PC_CHGPP","Q","2000-Q2",1.168768,
"G-20","QGDP","TOT","PC_CHGPP","Q","2000-Q3",0.779052,
"G-20","QGDP","TOT","PC_CHGPP","Q","2000-Q4",0.739291,
"G-20","QGDP","TOT","PC_CHGPP","Q","2001-Q1",0.466389,
"G-20","QGDP","TOT","PC_CHGPP","Q","2001-Q2",0.490806,
"G-20","QGDP","TOT","PC_CHGPP","Q","2001-Q3",0.238928,
"G-20","QGDP","TOT","PC_CHGPP","Q","2001-Q4",0.450201,
"G-20","QGDP","TOT","PC_CHGPP","Q","2002-Q1",0.712998,
"G-20","QGDP","TOT","PC_CHGPP","Q","2002-Q2",1.031555,
"G-20","QGDP","TOT","PC_CHGPP","Q","2002-Q3",0.860622,
"G-20","QGDP","TOT","PC_CHGPP","Q","2002-Q4",0.618008,
"G-20","QGDP","TOT","PC_CHGPP","Q","2003-Q1",0.698781,
"G-20","QGDP","TOT","PC_CHGPP","Q","2003-Q2",0.826889,
"G-20","QGDP","TOT","PC_CHGPP","Q","2003-Q3",1.433377,
"G-20","QGDP","TOT","PC_CHGPP","Q","2003-Q4",1.431813,
"G-20","QGDP","TOT","PC_CHGPP","Q","2004-Q1",1.074089,
"G-20","QGDP","TOT","PC_CHGPP","Q","2004-Q2",1.15043,
"G-20","QGDP","TOT","PC_CHGPP","Q","2004-Q3",1.060375,
"G-20","QGDP","TOT","PC_CHGPP","Q","2004-Q4",1.025849,
"G-20","QGDP","TOT","PC_CHGPP","Q","2005-Q1",1.202702,
"G-20","QGDP","TOT","PC_CHGPP","Q","2005-Q2",1.197233,
"G-20","QGDP","TOT","PC_CHGPP","Q","2005-Q3",1.203473,
"G-20","QGDP","TOT","PC_CHGPP","Q","2005-Q4",1.307126,
"G-20","QGDP","TOT","PC_CHGPP","Q","2006-Q1",1.469792,
"G-20","QGDP","TOT","PC_CHGPP","Q","2006-Q2",1.128405,
"G-20","QGDP","TOT","PC_CHGPP","Q","2006-Q3",1.092749,
"G-20","QGDP","TOT","PC_CHGPP","Q","2006-Q4",1.435449,
"G-20","QGDP","TOT","PC_CHGPP","Q","2007-Q1",1.40621,
"G-20","QGDP","TOT","PC_CHGPP","Q","2007-Q2",1.307426,
"G-20","QGDP","TOT","PC_CHGPP","Q","2007-Q3",1.071497,
"G-20","QGDP","TOT","PC_CHGPP","Q","2007-Q4",1.460785,
"G-20","QGDP","TOT","PC_CHGPP","Q","2008-Q1",0.810094,
"G-20","QGDP","TOT","PC_CHGPP","Q","2008-Q2",0.517922,
"G-20","QGDP","TOT","PC_CHGPP","Q","2008-Q3",0.001628,
"G-20","QGDP","TOT","PC_CHGPP","Q","2008-Q4",-1.244215,
"G-20","QGDP","TOT","PC_CHGPP","Q","2009-Q1",-1.49059,
"G-20","QGDP","TOT","PC_CHGPP","Q","2009-Q2",1.076791,
"G-20","QGDP","TOT","PC_CHGPP","Q","2009-Q3",1.293163,
"G-20","QGDP","TOT","PC_CHGPP","Q","2009-Q4",1.440006,
"G-20","QGDP","TOT","PC_CHGPP","Q","2010-Q1",1.231165,
"G-20","QGDP","TOT","PC_CHGPP","Q","2010-Q2",1.46334,
"G-20","QGDP","TOT","PC_CHGPP","Q","2010-Q3",1.281332,
"G-20","QGDP","TOT","PC_CHGPP","Q","2010-Q4",1.31604,
"G-20","QGDP","TOT","PC_CHGPP","Q","2011-Q1",0.881462,
"G-20","QGDP","TOT","PC_CHGPP","Q","2011-Q2",0.944712,
"G-20","QGDP","TOT","PC_CHGPP","Q","2011-Q3",0.881176,
"G-20","QGDP","TOT","PC_CHGPP","Q","2011-Q4",0.878732,
"G-20","QGDP","TOT","PC_CHGPP","Q","2012-Q1",0.859222,
"G-20","QGDP","TOT","PC_CHGPP","Q","2012-Q2",0.62835,
"G-20","QGDP","TOT","PC_CHGPP","Q","2012-Q3",0.756168,
"G-20","QGDP","TOT","PC_CHGPP","Q","2012-Q4",0.579054,
"G-20","QGDP","TOT","PC_CHGPP","Q","2013-Q1",0.927444,
"G-20","QGDP","TOT","PC_CHGPP","Q","2013-Q2",0.942111,
"G-20","QGDP","TOT","PC_CHGPP","Q","2013-Q3",1.051483,
"G-20","QGDP","TOT","PC_CHGPP","Q","2013-Q4",0.8853,
"G-20","QGDP","TOT","PC_CHGPP","Q","2014-Q1",0.686155,
"G-20","QGDP","TOT","PC_CHGPP","Q","2014-Q2",0.810385,
"G-20","QGDP","TOT","PC_CHGPP","Q","2014-Q3",1.004916,
"G-20","QGDP","TOT","PC_CHGPP","Q","2014-Q4",0.87031,
"G-20","QGDP","TOT","PC_CHGPP","Q","2015-Q1",0.902339,
"G-20","QGDP","TOT","PC_CHGPP","Q","2015-Q2",0.841846,
"G-20","QGDP","TOT","PC_CHGPP","Q","2015-Q3",0.77031,
"G-20","QGDP","TOT","PC_CHGPP","Q","2015-Q4",0.687748,
"G-20","QGDP","TOT","PC_CHGPP","Q","2016-Q1",0.762215,
"G-20","QGDP","TOT","PC_CHGPP","Q","2016-Q2",0.793546,
"G-20","QGDP","TOT","PC_CHGPP","Q","2016-Q3",0.764821,
"G-20","QGDP","TOT","PC_CHGPP","Q","2016-Q4",1.032878,
"G-20","QGDP","TOT","PC_CHGPP","Q","2017-Q1",0.874054,
"G-20","QGDP","TOT","PC_CHGPP","Q","2017-Q2",0.97701,
"G-20","QGDP","TOT","PC_CHGPP","Q","2017-Q3",1.056212,
"G-20","QGDP","TOT","PC_CHGPP","Q","2017-Q4",1.045111,
"G-20","QGDP","TOT","PC_CHGPP","Q","2018-Q1",0.825729,
"G-20","QGDP","TOT","PC_CHGPP","Q","2018-Q2",0.789252,
"G-20","QGDP","TOT","PC_CHGPP","Q","2018-Q3",0.734105,
"G-20","QGDP","TOT","PC_CHGPP","Q","2018-Q4",0.67145,
"G-20","QGDP","TOT","PC_CHGPP","Q","2019-Q1",0.82535,
"G-20","QGDP","TOT","PC_CHGPP","Q","2019-Q2",0.724361,
"G-20","QGDP","TOT","PC_CHGPP","Q","2019-Q3",0.743428,
"G-20","QGDP","TOT","PC_CHGPP","Q","2019-Q4",0.6,
"EA19","QGDP","TOT","PC_CHGPP","Q","1995-Q2",0.540825,
"EA19","QGDP","TOT","PC_CHGPP","Q","1995-Q3",0.218312,
"EA19","QGDP","TOT","PC_CHGPP","Q","1995-Q4",0.344676,
"EA19","QGDP","TOT","PC_CHGPP","Q","1996-Q1",0.129826,
"EA19","QGDP","TOT","PC_CHGPP","Q","1996-Q2",0.772709,
"EA19","QGDP","TOT","PC_CHGPP","Q","1996-Q3",0.519391,
"EA19","QGDP","TOT","PC_CHGPP","Q","1996-Q4",0.452963,
"EA19","QGDP","TOT","PC_CHGPP","Q","1997-Q1",0.227441,
"EA19","QGDP","TOT","PC_CHGPP","Q","1997-Q2",1.286773,
"EA19","QGDP","TOT","PC_CHGPP","Q","1997-Q3",0.757237,
"EA19","QGDP","TOT","PC_CHGPP","Q","1997-Q4",1.109327,
"EA19","QGDP","TOT","PC_CHGPP","Q","1998-Q1",0.654766,
"EA19","QGDP","TOT","PC_CHGPP","Q","1998-Q2",0.455093,
"EA19","QGDP","TOT","PC_CHGPP","Q","1998-Q3",0.592494,
"EA19","QGDP","TOT","PC_CHGPP","Q","1998-Q4",0.172458,
"EA19","QGDP","TOT","PC_CHGPP","Q","1999-Q1",0.967116,
"EA19","QGDP","TOT","PC_CHGPP","Q","1999-Q2",0.580622,
"EA19","QGDP","TOT","PC_CHGPP","Q","1999-Q3",1.152009,
"EA19","QGDP","TOT","PC_CHGPP","Q","1999-Q4",1.1744,
"EA19","QGDP","TOT","PC_CHGPP","Q","2000-Q1",1.220156,
"EA19","QGDP","TOT","PC_CHGPP","Q","2000-Q2",0.869288,
"EA19","QGDP","TOT","PC_CHGPP","Q","2000-Q3",0.582609,
"EA19","QGDP","TOT","PC_CHGPP","Q","2000-Q4",0.663241,
"EA19","QGDP","TOT","PC_CHGPP","Q","2001-Q1",0.990236,
"EA19","QGDP","TOT","PC_CHGPP","Q","2001-Q2",0.092848,
"EA19","QGDP","TOT","PC_CHGPP","Q","2001-Q3",0.142804,
"EA19","QGDP","TOT","PC_CHGPP","Q","2001-Q4",0.135671,
"EA19","QGDP","TOT","PC_CHGPP","Q","2002-Q1",0.035488,
"EA19","QGDP","TOT","PC_CHGPP","Q","2002-Q2",0.567717,
"EA19","QGDP","TOT","PC_CHGPP","Q","2002-Q3",0.412244,
"EA19","QGDP","TOT","PC_CHGPP","Q","2002-Q4",0.181196,
"EA19","QGDP","TOT","PC_CHGPP","Q","2003-Q1",-0.365865,
"EA19","QGDP","TOT","PC_CHGPP","Q","2003-Q2",0.098473,
"EA19","QGDP","TOT","PC_CHGPP","Q","2003-Q3",0.558314,
"EA19","QGDP","TOT","PC_CHGPP","Q","2003-Q4",0.748819,
"EA19","QGDP","TOT","PC_CHGPP","Q","2004-Q1",0.514298,
"EA19","QGDP","TOT","PC_CHGPP","Q","2004-Q2",0.585318,
"EA19","QGDP","TOT","PC_CHGPP","Q","2004-Q3",0.254286,
"EA19","QGDP","TOT","PC_CHGPP","Q","2004-Q4",0.369705,
"EA19","QGDP","TOT","PC_CHGPP","Q","2005-Q1",0.228679,
"EA19","QGDP","TOT","PC_CHGPP","Q","2005-Q2",0.599204,
"EA19","QGDP","TOT","PC_CHGPP","Q","2005-Q3",0.734174,
"EA19","QGDP","TOT","PC_CHGPP","Q","2005-Q4",0.622721,
"EA19","QGDP","TOT","PC_CHGPP","Q","2006-Q1",0.897112,
"EA19","QGDP","TOT","PC_CHGPP","Q","2006-Q2",1.081972,
"EA19","QGDP","TOT","PC_CHGPP","Q","2006-Q3",0.584443,
"EA19","QGDP","TOT","PC_CHGPP","Q","2006-Q4",1.187596,
"EA19","QGDP","TOT","PC_CHGPP","Q","2007-Q1",0.626439,
"EA19","QGDP","TOT","PC_CHGPP","Q","2007-Q2",0.690665,
"EA19","QGDP","TOT","PC_CHGPP","Q","2007-Q3",0.43716,
"EA19","QGDP","TOT","PC_CHGPP","Q","2007-Q4",0.55416,
"EA19","QGDP","TOT","PC_CHGPP","Q","2008-Q1",0.458938,
"EA19","QGDP","TOT","PC_CHGPP","Q","2008-Q2",-0.350019,
"EA19","QGDP","TOT","PC_CHGPP","Q","2008-Q3",-0.534234,
"EA19","QGDP","TOT","PC_CHGPP","Q","2008-Q4",-1.719419,
"EA19","QGDP","TOT","PC_CHGPP","Q","2009-Q1",-3.155708,
"EA19","QGDP","TOT","PC_CHGPP","Q","2009-Q2",-0.029129,
"EA19","QGDP","TOT","PC_CHGPP","Q","2009-Q3",0.378283,
"EA19","QGDP","TOT","PC_CHGPP","Q","2009-Q4",0.517435,
"EA19","QGDP","TOT","PC_CHGPP","Q","2010-Q1",0.36177,
"EA19","QGDP","TOT","PC_CHGPP","Q","2010-Q2",0.989532,
"EA19","QGDP","TOT","PC_CHGPP","Q","2010-Q3",0.435485,
"EA19","QGDP","TOT","PC_CHGPP","Q","2010-Q4",0.624971,
"EA19","QGDP","TOT","PC_CHGPP","Q","2011-Q1",0.840079,
"EA19","QGDP","TOT","PC_CHGPP","Q","2011-Q2",0.00724,
"EA19","QGDP","TOT","PC_CHGPP","Q","2011-Q3",0.092876,
"EA19","QGDP","TOT","PC_CHGPP","Q","2011-Q4",-0.358668,
"EA19","QGDP","TOT","PC_CHGPP","Q","2012-Q1",-0.222392,
"EA19","QGDP","TOT","PC_CHGPP","Q","2012-Q2",-0.323057,
"EA19","QGDP","TOT","PC_CHGPP","Q","2012-Q3",-0.097001,
"EA19","QGDP","TOT","PC_CHGPP","Q","2012-Q4",-0.411572,
"EA19","QGDP","TOT","PC_CHGPP","Q","2013-Q1",-0.398421,
"EA19","QGDP","TOT","PC_CHGPP","Q","2013-Q2",0.539859,
"EA19","QGDP","TOT","PC_CHGPP","Q","2013-Q3",0.314785,
"EA19","QGDP","TOT","PC_CHGPP","Q","2013-Q4",0.245671,
"EA19","QGDP","TOT","PC_CHGPP","Q","2014-Q1",0.450449,
"EA19","QGDP","TOT","PC_CHGPP","Q","2014-Q2",0.196488,
"EA19","QGDP","TOT","PC_CHGPP","Q","2014-Q3",0.470801,
"EA19","QGDP","TOT","PC_CHGPP","Q","2014-Q4",0.429755,
"EA19","QGDP","TOT","PC_CHGPP","Q","2015-Q1",0.728892,
"EA19","QGDP","TOT","PC_CHGPP","Q","2015-Q2",0.413408,
"EA19","QGDP","TOT","PC_CHGPP","Q","2015-Q3",0.455473,
"EA19","QGDP","TOT","PC_CHGPP","Q","2015-Q4",0.437261,
"EA19","QGDP","TOT","PC_CHGPP","Q","2016-Q1",0.609148,
"EA19","QGDP","TOT","PC_CHGPP","Q","2016-Q2",0.278041,
"EA19","QGDP","TOT","PC_CHGPP","Q","2016-Q3",0.440263,
"EA19","QGDP","TOT","PC_CHGPP","Q","2016-Q4",0.764318,
"EA19","QGDP","TOT","PC_CHGPP","Q","2017-Q1",0.668347,
"EA19","QGDP","TOT","PC_CHGPP","Q","2017-Q2",0.706089,
"EA19","QGDP","TOT","PC_CHGPP","Q","2017-Q3",0.763681,
"EA19","QGDP","TOT","PC_CHGPP","Q","2017-Q4",0.793557,
"EA19","QGDP","TOT","PC_CHGPP","Q","2018-Q1",0.267613,
"EA19","QGDP","TOT","PC_CHGPP","Q","2018-Q2",0.36313,
"EA19","QGDP","TOT","PC_CHGPP","Q","2018-Q3",0.193948,
"EA19","QGDP","TOT","PC_CHGPP","Q","2018-Q4",0.385458,
"EA19","QGDP","TOT","PC_CHGPP","Q","2019-Q1",0.467537,
"EA19","QGDP","TOT","PC_CHGPP","Q","2019-Q2",0.143098,
"EA19","QGDP","TOT","PC_CHGPP","Q","2019-Q3",0.307878,
"EA19","QGDP","TOT","PC_CHGPP","Q","2019-Q4",0.108573,
"EA19","QGDP","TOT","PC_CHGPP","Q","2020-Q1",-3.750627,
"EU27_2020","QGDP","TOT","PC_CHGPP","Q","1995-Q2",1.065027,
"EU27_2020","QGDP","TOT","PC_CHGPP","Q","1995-Q3",0.40379,
"EU27_2020","QGDP","TOT","PC_CHGPP","Q","1995-Q4",0.552643,
"EU27_2020","QGDP","TOT","PC_CHGPP","Q","1996-Q1",-0.089601,
"EU27_2020","QGDP","TOT","PC_CHGPP","Q","1996-Q2",0.790276,
"EU27_2020","QGDP","TOT","PC_CHGPP","Q","1996-Q3",0.508351,
"EU27_2020","QGDP","TOT","PC_CHGPP","Q","1996-Q4",0.387547,
"EU27_2020","QGDP","TOT","PC_CHGPP","Q","1997-Q1",0.354306,
"EU27_2020","QGDP","TOT","PC_CHGPP","Q","1997-Q2",1.265028,
"EU27_2020","QGDP","TOT","PC_CHGPP","Q","1997-Q3",0.70324,
"EU27_2020","QGDP","TOT","PC_CHGPP","Q","1997-Q4",1.120483,
"EU27_2020","QGDP","TOT","PC_CHGPP","Q","1998-Q1",0.697408,
"EU27_2020","QGDP","TOT","PC_CHGPP","Q","1998-Q2",0.428226,
"EU27_2020","QGDP","TOT","PC_CHGPP","Q","1998-Q3",0.618199,
"EU27_2020","QGDP","TOT","PC_CHGPP","Q","1998-Q4",0.211025,
"EU27_2020","QGDP","TOT","PC_CHGPP","Q","1999-Q1",0.922713,
"EU27_2020","QGDP","TOT","PC_CHGPP","Q","1999-Q2",0.606527,
"EU27_2020","QGDP","TOT","PC_CHGPP","Q","1999-Q3",1.152424,
"EU27_2020","QGDP","TOT","PC_CHGPP","Q","1999-Q4",1.220662,
"EU27_2020","QGDP","TOT","PC_CHGPP","Q","2000-Q1",1.154547,
"EU27_2020","QGDP","TOT","PC_CHGPP","Q","2000-Q2",0.938842,
"EU27_2020","QGDP","TOT","PC_CHGPP","Q","2000-Q3",0.583356,
"EU27_2020","QGDP","TOT","PC_CHGPP","Q","2000-Q4",0.704021,
"EU27_2020","QGDP","TOT","PC_CHGPP","Q","2001-Q1",0.861137,
"EU27_2020","QGDP","TOT","PC_CHGPP","Q","2001-Q2",0.101397,
"EU27_2020","QGDP","TOT","PC_CHGPP","Q","2001-Q3",0.203791,
"EU27_2020","QGDP","TOT","PC_CHGPP","Q","2001-Q4",0.182559,
"EU27_2020","QGDP","TOT","PC_CHGPP","Q","2002-Q1",0.066398,
"EU27_2020","QGDP","TOT","PC_CHGPP","Q","2002-Q2",0.599328,
"EU27_2020","QGDP","TOT","PC_CHGPP","Q","2002-Q3",0.44972,
"EU27_2020","QGDP","TOT","PC_CHGPP","Q","2002-Q4",0.193886,
"EU27_2020","QGDP","TOT","PC_CHGPP","Q","2003-Q1",-0.250221,
"EU27_2020","QGDP","TOT","PC_CHGPP","Q","2003-Q2",0.13881,
"EU27_2020","QGDP","TOT","PC_CHGPP","Q","2003-Q3",0.614637,
"EU27_2020","QGDP","TOT","PC_CHGPP","Q","2003-Q4",0.768356,
"EU27_2020","QGDP","TOT","PC_CHGPP","Q","2004-Q1",0.652153,
"EU27_2020","QGDP","TOT","PC_CHGPP","Q","2004-Q2",0.611012,
"EU27_2020","QGDP","TOT","PC_CHGPP","Q","2004-Q3",0.299826,
"EU27_2020","QGDP","TOT","PC_CHGPP","Q","2004-Q4",0.451786,
"EU27_2020","QGDP","TOT","PC_CHGPP","Q","2005-Q1",0.264379,
"EU27_2020","QGDP","TOT","PC_CHGPP","Q","2005-Q2",0.64818,
"EU27_2020","QGDP","TOT","PC_CHGPP","Q","2005-Q3",0.779747,
"EU27_2020","QGDP","TOT","PC_CHGPP","Q","2005-Q4",0.679535,
"EU27_2020","QGDP","TOT","PC_CHGPP","Q","2006-Q1",0.96849,
"EU27_2020","QGDP","TOT","PC_CHGPP","Q","2006-Q2",1.208391,
"EU27_2020","QGDP","TOT","PC_CHGPP","Q","2006-Q3",0.619403,
"EU27_2020","QGDP","TOT","PC_CHGPP","Q","2006-Q4",1.069104,
"EU27_2020","QGDP","TOT","PC_CHGPP","Q","2007-Q1",0.75068,
"EU27_2020","QGDP","TOT","PC_CHGPP","Q","2007-Q2",0.687698,
"EU27_2020","QGDP","TOT","PC_CHGPP","Q","2007-Q3",0.519183,
"EU27_2020","QGDP","TOT","PC_CHGPP","Q","2007-Q4",0.64354,
"EU27_2020","QGDP","TOT","PC_CHGPP","Q","2008-Q1",0.514806,
"EU27_2020","QGDP","TOT","PC_CHGPP","Q","2008-Q2",-0.265076,
"EU27_2020","QGDP","TOT","PC_CHGPP","Q","2008-Q3",-0.492821,
"EU27_2020","QGDP","TOT","PC_CHGPP","Q","2008-Q4",-1.739134,
"EU27_2020","QGDP","TOT","PC_CHGPP","Q","2009-Q1",-2.961188,
"EU27_2020","QGDP","TOT","PC_CHGPP","Q","2009-Q2",-0.077407,
"EU27_2020","QGDP","TOT","PC_CHGPP","Q","2009-Q3",0.377879,
"EU27_2020","QGDP","TOT","PC_CHGPP","Q","2009-Q4",0.556511,
"EU27_2020","QGDP","TOT","PC_CHGPP","Q","2010-Q1",0.343549,
"EU27_2020","QGDP","TOT","PC_CHGPP","Q","2010-Q2",1.01,
"EU27_2020","QGDP","TOT","PC_CHGPP","Q","2010-Q3",0.506966,
"EU27_2020","QGDP","TOT","PC_CHGPP","Q","2010-Q4",0.647497,
"EU27_2020","QGDP","TOT","PC_CHGPP","Q","2011-Q1",0.818795,
"EU27_2020","QGDP","TOT","PC_CHGPP","Q","2011-Q2",0.089419,
"EU27_2020","QGDP","TOT","PC_CHGPP","Q","2011-Q3",0.156625,
"EU27_2020","QGDP","TOT","PC_CHGPP","Q","2011-Q4",-0.311465,
"EU27_2020","QGDP","TOT","PC_CHGPP","Q","2012-Q1",-0.197805,
"EU27_2020","QGDP","TOT","PC_CHGPP","Q","2012-Q2",-0.282371,
"EU27_2020","QGDP","TOT","PC_CHGPP","Q","2012-Q3",-0.086645,
"EU27_2020","QGDP","TOT","PC_CHGPP","Q","2012-Q4",-0.394096,
"EU27_2020","QGDP","TOT","PC_CHGPP","Q","2013-Q1",-0.267013,
"EU27_2020","QGDP","TOT","PC_CHGPP","Q","2013-Q2",0.527662,
"EU27_2020","QGDP","TOT","PC_CHGPP","Q","2013-Q3",0.360127,
"EU27_2020","QGDP","TOT","PC_CHGPP","Q","2013-Q4",0.299366,
"EU27_2020","QGDP","TOT","PC_CHGPP","Q","2014-Q1",0.468764,
"EU27_2020","QGDP","TOT","PC_CHGPP","Q","2014-Q2",0.274224,
"EU27_2020","QGDP","TOT","PC_CHGPP","Q","2014-Q3",0.543595,
"EU27_2020","QGDP","TOT","PC_CHGPP","Q","2014-Q4",0.473642,
"EU27_2020","QGDP","TOT","PC_CHGPP","Q","2015-Q1",0.791799,
"EU27_2020","QGDP","TOT","PC_CHGPP","Q","2015-Q2",0.456317,
"EU27_2020","QGDP","TOT","PC_CHGPP","Q","2015-Q3",0.543213,
"EU27_2020","QGDP","TOT","PC_CHGPP","Q","2015-Q4",0.494389,
"EU27_2020","QGDP","TOT","PC_CHGPP","Q","2016-Q1",0.573668,
"EU27_2020","QGDP","TOT","PC_CHGPP","Q","2016-Q2",0.36103,
"EU27_2020","QGDP","TOT","PC_CHGPP","Q","2016-Q3",0.442119,
"EU27_2020","QGDP","TOT","PC_CHGPP","Q","2016-Q4",0.828426,
"EU27_2020","QGDP","TOT","PC_CHGPP","Q","2017-Q1",0.705926,
"EU27_2020","QGDP","TOT","PC_CHGPP","Q","2017-Q2",0.772297,
"EU27_2020","QGDP","TOT","PC_CHGPP","Q","2017-Q3",0.771045,
"EU27_2020","QGDP","TOT","PC_CHGPP","Q","2017-Q4",0.805882,
"EU27_2020","QGDP","TOT","PC_CHGPP","Q","2018-Q1",0.358337,
"EU27_2020","QGDP","TOT","PC_CHGPP","Q","2018-Q2",0.447602,
"EU27_2020","QGDP","TOT","PC_CHGPP","Q","2018-Q3",0.260195,
"EU27_2020","QGDP","TOT","PC_CHGPP","Q","2018-Q4",0.459733,
"EU27_2020","QGDP","TOT","PC_CHGPP","Q","2019-Q1",0.50291,
"EU27_2020","QGDP","TOT","PC_CHGPP","Q","2019-Q2",0.219928,
"EU27_2020","QGDP","TOT","PC_CHGPP","Q","2019-Q3",0.365006,
"EU27_2020","QGDP","TOT","PC_CHGPP","Q","2019-Q4",0.168703,
"EU27_2020","QGDP","TOT","PC_CHGPP","Q","2020-Q1",-3.33007,
