;params;training score;validation score
0;{'n_estimators': 1000, 'max_features': 1, 'min_samples_leaf': 1};0.9270630758401415;-2.711504332437204
1;{'n_estimators': 1000, 'max_features': 1, 'min_samples_leaf': 2};0.7680728863624438;-2.7065561253823414
2;{'n_estimators': 1000, 'max_features': 1, 'min_samples_leaf': 3};0.6566962830893384;-2.8617546110003067
3;{'n_estimators': 1000, 'max_features': 1, 'min_samples_leaf': 4};0.5680074851341308;-2.99095314037714
4;{'n_estimators': 1000, 'max_features': 1, 'min_samples_leaf': 5};0.4954480093918809;-3.0095581211768168
5;{'n_estimators': 1000, 'max_features': 1, 'min_samples_leaf': 6};0.4337037647402558;-3.0476836356927164
6;{'n_estimators': 1000, 'max_features': 2, 'min_samples_leaf': 1};0.9358744967763378;-2.9954503167925295
7;{'n_estimators': 1000, 'max_features': 2, 'min_samples_leaf': 2};0.8378726857583132;-2.6623957214872345
8;{'n_estimators': 1000, 'max_features': 2, 'min_samples_leaf': 3};0.7459289472941815;-3.0145714742819893
9;{'n_estimators': 1000, 'max_features': 2, 'min_samples_leaf': 4};0.6672796883680602;-2.803783654567957
10;{'n_estimators': 1000, 'max_features': 2, 'min_samples_leaf': 5};0.6005302253489112;-3.224888334717177
11;{'n_estimators': 1000, 'max_features': 2, 'min_samples_leaf': 6};0.5397940110329168;-3.1801864517966756
12;{'n_estimators': 1000, 'max_features': 3, 'min_samples_leaf': 1};0.9417818284261947;-2.7913411358665265
13;{'n_estimators': 1000, 'max_features': 3, 'min_samples_leaf': 2};0.8717656130853833;-2.802770605908007
14;{'n_estimators': 1000, 'max_features': 3, 'min_samples_leaf': 3};0.7942876670076702;-3.1289344540207127
15;{'n_estimators': 1000, 'max_features': 3, 'min_samples_leaf': 4};0.7272113068025418;-3.1653193849225723
16;{'n_estimators': 1000, 'max_features': 3, 'min_samples_leaf': 5};0.6667969241072222;-3.2155312657143447
17;{'n_estimators': 1000, 'max_features': 3, 'min_samples_leaf': 6};0.6064795093545429;-3.3610913251889847
18;{'n_estimators': 1000, 'max_features': 4, 'min_samples_leaf': 1};0.9474659624041827;-2.7082904440980746
19;{'n_estimators': 1000, 'max_features': 4, 'min_samples_leaf': 2};0.8918695656445577;-2.556745068976091
20;{'n_estimators': 1000, 'max_features': 4, 'min_samples_leaf': 3};0.8263971030299745;-2.4672607360573577
21;{'n_estimators': 1000, 'max_features': 4, 'min_samples_leaf': 4};0.7652633533969412;-2.8425377739739237
22;{'n_estimators': 1000, 'max_features': 4, 'min_samples_leaf': 5};0.7100511379110539;-2.9772253758039757
23;{'n_estimators': 1000, 'max_features': 4, 'min_samples_leaf': 6};0.6521006018307711;-2.9917855429334153
24;{'n_estimators': 1000, 'max_features': 5, 'min_samples_leaf': 1};0.9512953122665813;-2.280957418292036
25;{'n_estimators': 1000, 'max_features': 5, 'min_samples_leaf': 2};0.9057933517931381;-2.0908737699061986
26;{'n_estimators': 1000, 'max_features': 5, 'min_samples_leaf': 3};0.8459516670478896;-2.3429038049651476
27;{'n_estimators': 1000, 'max_features': 5, 'min_samples_leaf': 4};0.7894879251279272;-2.5982357230442212
28;{'n_estimators': 1000, 'max_features': 5, 'min_samples_leaf': 5};0.7339421036972414;-2.693867428891241
29;{'n_estimators': 1000, 'max_features': 5, 'min_samples_leaf': 6};0.680125745698243;-2.745963402313432
30;{'n_estimators': 1000, 'max_features': 6, 'min_samples_leaf': 1};0.9543305836011639;-2.1645736006251175
31;{'n_estimators': 1000, 'max_features': 6, 'min_samples_leaf': 2};0.9151808589117802;-2.1311353033972273
32;{'n_estimators': 1000, 'max_features': 6, 'min_samples_leaf': 3};0.8631603522122144;-2.3112625126103774
33;{'n_estimators': 1000, 'max_features': 6, 'min_samples_leaf': 4};0.8092299925150519;-2.403980266166583
34;{'n_estimators': 1000, 'max_features': 6, 'min_samples_leaf': 5};0.7594637387697591;-2.567809273851404
35;{'n_estimators': 1000, 'max_features': 6, 'min_samples_leaf': 6};0.708542548628261;-2.674892852921295
36;{'n_estimators': 1000, 'max_features': 7, 'min_samples_leaf': 1};0.9560146444658036;-1.9791940676430275
37;{'n_estimators': 1000, 'max_features': 7, 'min_samples_leaf': 2};0.921375759753639;-1.764441882204094
38;{'n_estimators': 1000, 'max_features': 7, 'min_samples_leaf': 3};0.8734636148272401;-1.843423327803406
39;{'n_estimators': 1000, 'max_features': 7, 'min_samples_leaf': 4};0.8243288503152562;-1.9895237624876145
40;{'n_estimators': 1000, 'max_features': 7, 'min_samples_leaf': 5};0.7756047971247371;-2.2463786226234017
41;{'n_estimators': 1000, 'max_features': 7, 'min_samples_leaf': 6};0.7254516436934113;-2.3880295449420794
42;{'n_estimators': 1000, 'max_features': 8, 'min_samples_leaf': 1};0.9591700316963785;-1.7491696777149515
43;{'n_estimators': 1000, 'max_features': 8, 'min_samples_leaf': 2};0.9278490791118589;-1.8285667013388498
44;{'n_estimators': 1000, 'max_features': 8, 'min_samples_leaf': 3};0.8833807120662932;-1.912516306418571
45;{'n_estimators': 1000, 'max_features': 8, 'min_samples_leaf': 4};0.8371771212112146;-2.0054130032227278
46;{'n_estimators': 1000, 'max_features': 8, 'min_samples_leaf': 5};0.7896863354809142;-2.1689570680540866
47;{'n_estimators': 1000, 'max_features': 8, 'min_samples_leaf': 6};0.7413705472722494;-2.4238163350376998
48;{'n_estimators': 1000, 'max_features': 9, 'min_samples_leaf': 1};0.961221908408454;-1.4945603757008343
49;{'n_estimators': 1000, 'max_features': 9, 'min_samples_leaf': 2};0.9322145249799997;-1.7040266899016885
50;{'n_estimators': 1000, 'max_features': 9, 'min_samples_leaf': 3};0.8917224608875319;-1.873444578866272
51;{'n_estimators': 1000, 'max_features': 9, 'min_samples_leaf': 4};0.8468471534284923;-2.0284150431663273
52;{'n_estimators': 1000, 'max_features': 9, 'min_samples_leaf': 5};0.8029608433440236;-2.130594839032635
53;{'n_estimators': 1000, 'max_features': 9, 'min_samples_leaf': 6};0.7555273387734991;-2.184497794532351
54;{'n_estimators': 1200, 'max_features': 1, 'min_samples_leaf': 1};0.9256861393885707;-2.704823111819821
55;{'n_estimators': 1200, 'max_features': 1, 'min_samples_leaf': 2};0.7655668376998805;-2.6878207992569245
56;{'n_estimators': 1200, 'max_features': 1, 'min_samples_leaf': 3};0.6526166848337818;-2.8533051432058665
57;{'n_estimators': 1200, 'max_features': 1, 'min_samples_leaf': 4};0.5636385608471908;-2.9283713913477314
58;{'n_estimators': 1200, 'max_features': 1, 'min_samples_leaf': 5};0.4909654310812499;-2.9881383561655124
59;{'n_estimators': 1200, 'max_features': 1, 'min_samples_leaf': 6};0.4291391756308941;-3.019281397012625
60;{'n_estimators': 1200, 'max_features': 2, 'min_samples_leaf': 1};0.9355377832374501;-2.9743142508548184
61;{'n_estimators': 1200, 'max_features': 2, 'min_samples_leaf': 2};0.8378723946092899;-2.7011622397389248
62;{'n_estimators': 1200, 'max_features': 2, 'min_samples_leaf': 3};0.7454103736807696;-3.0124426955553503
63;{'n_estimators': 1200, 'max_features': 2, 'min_samples_leaf': 4};0.6664931910476325;-2.900533338127542
64;{'n_estimators': 1200, 'max_features': 2, 'min_samples_leaf': 5};0.6004545670492875;-3.1419916395348397
65;{'n_estimators': 1200, 'max_features': 2, 'min_samples_leaf': 6};0.5398673958812228;-3.0996881590347205
66;{'n_estimators': 1200, 'max_features': 3, 'min_samples_leaf': 1};0.9414252435040649;-2.827848914120666
67;{'n_estimators': 1200, 'max_features': 3, 'min_samples_leaf': 2};0.8712356028568514;-2.795066537239475
68;{'n_estimators': 1200, 'max_features': 3, 'min_samples_leaf': 3};0.7936258481523054;-3.1086108363268936
69;{'n_estimators': 1200, 'max_features': 3, 'min_samples_leaf': 4};0.726024506944292;-3.1461704987497137
70;{'n_estimators': 1200, 'max_features': 3, 'min_samples_leaf': 5};0.6657877291188663;-3.145063448383796
71;{'n_estimators': 1200, 'max_features': 3, 'min_samples_leaf': 6};0.6056930602759186;-3.26837084365864
72;{'n_estimators': 1200, 'max_features': 4, 'min_samples_leaf': 1};0.9470272195926241;-2.6125950854738202
73;{'n_estimators': 1200, 'max_features': 4, 'min_samples_leaf': 2};0.8915767009548574;-2.536712476500506
74;{'n_estimators': 1200, 'max_features': 4, 'min_samples_leaf': 3};0.826297806310982;-2.4558082653209836
75;{'n_estimators': 1200, 'max_features': 4, 'min_samples_leaf': 4};0.7641797582634391;-2.822538423321091
76;{'n_estimators': 1200, 'max_features': 4, 'min_samples_leaf': 5};0.7090037113695269;-2.99362776688777
77;{'n_estimators': 1200, 'max_features': 4, 'min_samples_leaf': 6};0.6517392929548225;-2.9406089369351873
78;{'n_estimators': 1200, 'max_features': 5, 'min_samples_leaf': 1};0.9508556369211829;-2.3048667694601934
79;{'n_estimators': 1200, 'max_features': 5, 'min_samples_leaf': 2};0.9049473741211239;-2.1426992917982304
80;{'n_estimators': 1200, 'max_features': 5, 'min_samples_leaf': 3};0.8450466943737727;-2.397106269741024
81;{'n_estimators': 1200, 'max_features': 5, 'min_samples_leaf': 4};0.7875749528313042;-2.66478432944045
82;{'n_estimators': 1200, 'max_features': 5, 'min_samples_leaf': 5};0.7321833029952787;-2.702418550526848
83;{'n_estimators': 1200, 'max_features': 5, 'min_samples_leaf': 6};0.678398724713594;-2.771228399127653
84;{'n_estimators': 1200, 'max_features': 6, 'min_samples_leaf': 1};0.9540415156275509;-2.177781033214358
85;{'n_estimators': 1200, 'max_features': 6, 'min_samples_leaf': 2};0.9150518086256426;-2.1469409478868
86;{'n_estimators': 1200, 'max_features': 6, 'min_samples_leaf': 3};0.8621523514474043;-2.362850710239672
87;{'n_estimators': 1200, 'max_features': 6, 'min_samples_leaf': 4};0.8074737282201623;-2.4565048208502787
88;{'n_estimators': 1200, 'max_features': 6, 'min_samples_leaf': 5};0.7575664585094676;-2.623786716735229
89;{'n_estimators': 1200, 'max_features': 6, 'min_samples_leaf': 6};0.7063598217111666;-2.7045168019880186
90;{'n_estimators': 1200, 'max_features': 7, 'min_samples_leaf': 1};0.9557900970918611;-1.9657322086938662
91;{'n_estimators': 1200, 'max_features': 7, 'min_samples_leaf': 2};0.92115505468536;-1.7888955394185726
92;{'n_estimators': 1200, 'max_features': 7, 'min_samples_leaf': 3};0.873353378292445;-1.925181938713856
93;{'n_estimators': 1200, 'max_features': 7, 'min_samples_leaf': 4};0.8240178687155211;-2.005042233855165
94;{'n_estimators': 1200, 'max_features': 7, 'min_samples_leaf': 5};0.775117921948713;-2.2211147055864755
95;{'n_estimators': 1200, 'max_features': 7, 'min_samples_leaf': 6};0.7246282362895966;-2.3611697512611878
96;{'n_estimators': 1200, 'max_features': 8, 'min_samples_leaf': 1};0.9585215453490313;-1.8096344882999176
97;{'n_estimators': 1200, 'max_features': 8, 'min_samples_leaf': 2};0.9268906949061673;-1.9139829798590273
98;{'n_estimators': 1200, 'max_features': 8, 'min_samples_leaf': 3};0.8819375690544946;-2.0005810382137446
99;{'n_estimators': 1200, 'max_features': 8, 'min_samples_leaf': 4};0.8355627580494485;-2.0576332706177434
100;{'n_estimators': 1200, 'max_features': 8, 'min_samples_leaf': 5};0.7881555744543741;-2.2634400811696205
101;{'n_estimators': 1200, 'max_features': 8, 'min_samples_leaf': 6};0.7387844465308488;-2.5363800330137347
102;{'n_estimators': 1200, 'max_features': 9, 'min_samples_leaf': 1};0.9606128233842449;-1.52574385211776
103;{'n_estimators': 1200, 'max_features': 9, 'min_samples_leaf': 2};0.9314958857198604;-1.720622926327716
104;{'n_estimators': 1200, 'max_features': 9, 'min_samples_leaf': 3};0.8909613557830335;-1.8819848706414106
105;{'n_estimators': 1200, 'max_features': 9, 'min_samples_leaf': 4};0.8458611191625549;-2.002949360217743
106;{'n_estimators': 1200, 'max_features': 9, 'min_samples_leaf': 5};0.8016530836352768;-2.1085732473994003
107;{'n_estimators': 1200, 'max_features': 9, 'min_samples_leaf': 6};0.753700454519977;-2.1682659397166195
108;{'n_estimators': 1400, 'max_features': 1, 'min_samples_leaf': 1};0.9265090287079266;-2.6509167011385237
109;{'n_estimators': 1400, 'max_features': 1, 'min_samples_leaf': 2};0.7678167494635817;-2.770867870595225
110;{'n_estimators': 1400, 'max_features': 1, 'min_samples_leaf': 3};0.6553501837627443;-2.840876020951213
111;{'n_estimators': 1400, 'max_features': 1, 'min_samples_leaf': 4};0.5666425098150218;-2.9384149639351187
112;{'n_estimators': 1400, 'max_features': 1, 'min_samples_leaf': 5};0.4934460141357987;-3.0268614385659163
113;{'n_estimators': 1400, 'max_features': 1, 'min_samples_leaf': 6};0.43116518143365684;-3.0729367148432667
114;{'n_estimators': 1400, 'max_features': 2, 'min_samples_leaf': 1};0.9364202592137947;-2.8929062247094377
115;{'n_estimators': 1400, 'max_features': 2, 'min_samples_leaf': 2};0.8395254629621938;-2.7223301810935547
116;{'n_estimators': 1400, 'max_features': 2, 'min_samples_leaf': 3};0.747058311013397;-2.9759641035171174
117;{'n_estimators': 1400, 'max_features': 2, 'min_samples_leaf': 4};0.6695217055013659;-2.9570511810840374
118;{'n_estimators': 1400, 'max_features': 2, 'min_samples_leaf': 5};0.6032287628770222;-3.1409251913317586
119;{'n_estimators': 1400, 'max_features': 2, 'min_samples_leaf': 6};0.543600191921698;-3.122988715526066
120;{'n_estimators': 1400, 'max_features': 3, 'min_samples_leaf': 1};0.9421841806456452;-2.931029557843666
121;{'n_estimators': 1400, 'max_features': 3, 'min_samples_leaf': 2};0.8732074758831299;-2.80512187790394
122;{'n_estimators': 1400, 'max_features': 3, 'min_samples_leaf': 3};0.7948800022472555;-3.1783899331773258
123;{'n_estimators': 1400, 'max_features': 3, 'min_samples_leaf': 4};0.7276052151243242;-3.1222906531043186
124;{'n_estimators': 1400, 'max_features': 3, 'min_samples_leaf': 5};0.6675978100399;-3.174706085622597
125;{'n_estimators': 1400, 'max_features': 3, 'min_samples_leaf': 6};0.6074395058414155;-3.3026896921869358
126;{'n_estimators': 1400, 'max_features': 4, 'min_samples_leaf': 1};0.9472908269953374;-2.6666461121588085
127;{'n_estimators': 1400, 'max_features': 4, 'min_samples_leaf': 2};0.8923037170922413;-2.475416023545961
128;{'n_estimators': 1400, 'max_features': 4, 'min_samples_leaf': 3};0.8269597480386658;-2.495619008543394
129;{'n_estimators': 1400, 'max_features': 4, 'min_samples_leaf': 4};0.7647305560217316;-2.80738317546505
130;{'n_estimators': 1400, 'max_features': 4, 'min_samples_leaf': 5};0.7096870173899898;-2.97858226802279
131;{'n_estimators': 1400, 'max_features': 4, 'min_samples_leaf': 6};0.6527685435897078;-2.9579596682989395
132;{'n_estimators': 1400, 'max_features': 5, 'min_samples_leaf': 1};0.9515487347713336;-2.27208534922518
133;{'n_estimators': 1400, 'max_features': 5, 'min_samples_leaf': 2};0.9059496375317962;-2.1540818883597046
134;{'n_estimators': 1400, 'max_features': 5, 'min_samples_leaf': 3};0.8466348059989317;-2.3386174340716877
135;{'n_estimators': 1400, 'max_features': 5, 'min_samples_leaf': 4};0.7895418479203586;-2.711714870378505
136;{'n_estimators': 1400, 'max_features': 5, 'min_samples_leaf': 5};0.7345520144765392;-2.7347572741662547
137;{'n_estimators': 1400, 'max_features': 5, 'min_samples_leaf': 6};0.6808065076935478;-2.838202397869004
138;{'n_estimators': 1400, 'max_features': 6, 'min_samples_leaf': 1};0.9543783903857557;-2.202192159203972
139;{'n_estimators': 1400, 'max_features': 6, 'min_samples_leaf': 2};0.9152571978198143;-2.2056959093030115
140;{'n_estimators': 1400, 'max_features': 6, 'min_samples_leaf': 3};0.862267870844577;-2.3462493585664643
141;{'n_estimators': 1400, 'max_features': 6, 'min_samples_leaf': 4};0.8078641265437095;-2.471428709815269
142;{'n_estimators': 1400, 'max_features': 6, 'min_samples_leaf': 5};0.7576480655908328;-2.678585298034096
143;{'n_estimators': 1400, 'max_features': 6, 'min_samples_leaf': 6};0.7065179957781643;-2.7699612624573335
144;{'n_estimators': 1400, 'max_features': 7, 'min_samples_leaf': 1};0.9561042690504751;-2.0128858530598874
145;{'n_estimators': 1400, 'max_features': 7, 'min_samples_leaf': 2};0.9214515600870051;-1.8032433987755343
146;{'n_estimators': 1400, 'max_features': 7, 'min_samples_leaf': 3};0.8735726097051467;-1.9537238212522545
147;{'n_estimators': 1400, 'max_features': 7, 'min_samples_leaf': 4};0.8240177297968131;-2.041850271622993
148;{'n_estimators': 1400, 'max_features': 7, 'min_samples_leaf': 5};0.7751565022998304;-2.288670916050338
149;{'n_estimators': 1400, 'max_features': 7, 'min_samples_leaf': 6};0.7244494425530585;-2.4166688728162553
150;{'n_estimators': 1400, 'max_features': 8, 'min_samples_leaf': 1};0.9587700713542813;-1.7875567883086891
151;{'n_estimators': 1400, 'max_features': 8, 'min_samples_leaf': 2};0.9272258453467117;-1.8767165534987658
152;{'n_estimators': 1400, 'max_features': 8, 'min_samples_leaf': 3};0.8824143340098438;-1.9539043858394751
153;{'n_estimators': 1400, 'max_features': 8, 'min_samples_leaf': 4};0.8352371794524037;-2.0319865538885553
154;{'n_estimators': 1400, 'max_features': 8, 'min_samples_leaf': 5};0.7875438419182782;-2.2751030166114696
155;{'n_estimators': 1400, 'max_features': 8, 'min_samples_leaf': 6};0.7383010027736938;-2.509126745698429
156;{'n_estimators': 1400, 'max_features': 9, 'min_samples_leaf': 1};0.9605995750205398;-1.6173856592119678
157;{'n_estimators': 1400, 'max_features': 9, 'min_samples_leaf': 2};0.9317935438782564;-1.7688627324526092
158;{'n_estimators': 1400, 'max_features': 9, 'min_samples_leaf': 3};0.8910325650031222;-1.9400377098179387
159;{'n_estimators': 1400, 'max_features': 9, 'min_samples_leaf': 4};0.8457448772823681;-2.0346470131345185
160;{'n_estimators': 1400, 'max_features': 9, 'min_samples_leaf': 5};0.8010245718382162;-2.1416474452256855
161;{'n_estimators': 1400, 'max_features': 9, 'min_samples_leaf': 6};0.752969980764326;-2.2118043899930675
162;{'n_estimators': 1600, 'max_features': 1, 'min_samples_leaf': 1};0.9263984022382669;-2.69248167816528
163;{'n_estimators': 1600, 'max_features': 1, 'min_samples_leaf': 2};0.7675227210331586;-2.7528954439724047
164;{'n_estimators': 1600, 'max_features': 1, 'min_samples_leaf': 3};0.653146747405893;-2.873828521189478
165;{'n_estimators': 1600, 'max_features': 1, 'min_samples_leaf': 4};0.5646629471353188;-2.8965039536862642
166;{'n_estimators': 1600, 'max_features': 1, 'min_samples_leaf': 5};0.4914729291475859;-3.0293656665815876
167;{'n_estimators': 1600, 'max_features': 1, 'min_samples_leaf': 6};0.4295605158014081;-3.0740286475650365
168;{'n_estimators': 1600, 'max_features': 2, 'min_samples_leaf': 1};0.9368200425466966;-2.9088682457907344
169;{'n_estimators': 1600, 'max_features': 2, 'min_samples_leaf': 2};0.8401326740128301;-2.8109361717721124
170;{'n_estimators': 1600, 'max_features': 2, 'min_samples_leaf': 3};0.7473200864062536;-2.95127408590293
171;{'n_estimators': 1600, 'max_features': 2, 'min_samples_leaf': 4};0.6703318017104714;-3.0101633800597782
172;{'n_estimators': 1600, 'max_features': 2, 'min_samples_leaf': 5};0.6040725686479564;-3.1258098045574365
173;{'n_estimators': 1600, 'max_features': 2, 'min_samples_leaf': 6};0.5439114132448306;-3.1484574701910164
174;{'n_estimators': 1600, 'max_features': 3, 'min_samples_leaf': 1};0.942292657119727;-3.000262440709641
175;{'n_estimators': 1600, 'max_features': 3, 'min_samples_leaf': 2};0.8733261233439433;-2.8111638444195166
176;{'n_estimators': 1600, 'max_features': 3, 'min_samples_leaf': 3};0.7953572244580229;-3.1281012396914987
177;{'n_estimators': 1600, 'max_features': 3, 'min_samples_leaf': 4};0.728243394572571;-3.0650041078751418
178;{'n_estimators': 1600, 'max_features': 3, 'min_samples_leaf': 5};0.667786129963365;-3.179792790998284
179;{'n_estimators': 1600, 'max_features': 3, 'min_samples_leaf': 6};0.6074120296622387;-3.3248319579723087
180;{'n_estimators': 1600, 'max_features': 4, 'min_samples_leaf': 1};0.9476382172661122;-2.6780028199379036
181;{'n_estimators': 1600, 'max_features': 4, 'min_samples_leaf': 2};0.8928807328743875;-2.419848402267305
182;{'n_estimators': 1600, 'max_features': 4, 'min_samples_leaf': 3};0.8276725299027137;-2.5125944840998238
183;{'n_estimators': 1600, 'max_features': 4, 'min_samples_leaf': 4};0.7654520462438514;-2.811214012516575
184;{'n_estimators': 1600, 'max_features': 4, 'min_samples_leaf': 5};0.7098055063477022;-3.0044164243754743
185;{'n_estimators': 1600, 'max_features': 4, 'min_samples_leaf': 6};0.6527640023679135;-2.966246255701355
186;{'n_estimators': 1600, 'max_features': 5, 'min_samples_leaf': 1};0.9514929766234271;-2.398759013195416
187;{'n_estimators': 1600, 'max_features': 5, 'min_samples_leaf': 2};0.9057113352272305;-2.2448624903568435
188;{'n_estimators': 1600, 'max_features': 5, 'min_samples_leaf': 3};0.8466520384178547;-2.3947602335547433
189;{'n_estimators': 1600, 'max_features': 5, 'min_samples_leaf': 4};0.7896723287899785;-2.7718103523588074
190;{'n_estimators': 1600, 'max_features': 5, 'min_samples_leaf': 5};0.735044034831565;-2.8083252249770414
191;{'n_estimators': 1600, 'max_features': 5, 'min_samples_leaf': 6};0.6809231945188854;-2.9297053084672067
192;{'n_estimators': 1600, 'max_features': 6, 'min_samples_leaf': 1};0.9543990050884013;-2.262913311971016
193;{'n_estimators': 1600, 'max_features': 6, 'min_samples_leaf': 2};0.9152093737387663;-2.20181523317831
194;{'n_estimators': 1600, 'max_features': 6, 'min_samples_leaf': 3};0.8621722747930584;-2.2882275726322936
195;{'n_estimators': 1600, 'max_features': 6, 'min_samples_leaf': 4};0.8080545691332656;-2.4532666417365303
196;{'n_estimators': 1600, 'max_features': 6, 'min_samples_leaf': 5};0.757873139461702;-2.6914560091880397
197;{'n_estimators': 1600, 'max_features': 6, 'min_samples_leaf': 6};0.7060028438771363;-2.780770243660539
198;{'n_estimators': 1600, 'max_features': 7, 'min_samples_leaf': 1};0.9560820758783315;-2.039865201194435
199;{'n_estimators': 1600, 'max_features': 7, 'min_samples_leaf': 2};0.9211390098014658;-1.930714827510806
200;{'n_estimators': 1600, 'max_features': 7, 'min_samples_leaf': 3};0.8733594434967472;-2.0211165099815114
201;{'n_estimators': 1600, 'max_features': 7, 'min_samples_leaf': 4};0.8233981101253443;-2.1136411933254657
202;{'n_estimators': 1600, 'max_features': 7, 'min_samples_leaf': 5};0.774280021524207;-2.349255168235096
203;{'n_estimators': 1600, 'max_features': 7, 'min_samples_leaf': 6};0.7229903324655564;-2.516467677063498
204;{'n_estimators': 1600, 'max_features': 8, 'min_samples_leaf': 1};0.9590128282545038;-1.834573943754601
205;{'n_estimators': 1600, 'max_features': 8, 'min_samples_leaf': 2};0.9275017965319565;-1.865980984921557
206;{'n_estimators': 1600, 'max_features': 8, 'min_samples_leaf': 3};0.8827324788577716;-1.9927486670735148
207;{'n_estimators': 1600, 'max_features': 8, 'min_samples_leaf': 4};0.83574805543647;-2.036892229537363
208;{'n_estimators': 1600, 'max_features': 8, 'min_samples_leaf': 5};0.7879018644123807;-2.2732711695820336
209;{'n_estimators': 1600, 'max_features': 8, 'min_samples_leaf': 6};0.738497538469844;-2.504303699662132
210;{'n_estimators': 1600, 'max_features': 9, 'min_samples_leaf': 1};0.9609105313346218;-1.578375372195795
211;{'n_estimators': 1600, 'max_features': 9, 'min_samples_leaf': 2};0.9321715327102409;-1.7009686465902587
212;{'n_estimators': 1600, 'max_features': 9, 'min_samples_leaf': 3};0.8913558706419578;-1.8880266105702692
213;{'n_estimators': 1600, 'max_features': 9, 'min_samples_leaf': 4};0.8465253913350009;-2.0662778494405787
214;{'n_estimators': 1600, 'max_features': 9, 'min_samples_leaf': 5};0.8015404922122528;-2.162327065271994
215;{'n_estimators': 1600, 'max_features': 9, 'min_samples_leaf': 6};0.7532120436389944;-2.244599083822708
216;{'n_estimators': 1800, 'max_features': 1, 'min_samples_leaf': 1};0.9264173677766084;-2.7227839244949656
217;{'n_estimators': 1800, 'max_features': 1, 'min_samples_leaf': 2};0.7681107857949985;-2.7710236031377438
218;{'n_estimators': 1800, 'max_features': 1, 'min_samples_leaf': 3};0.6531481060112124;-2.887452060208198
219;{'n_estimators': 1800, 'max_features': 1, 'min_samples_leaf': 4};0.5648994186323448;-2.91512499300272
220;{'n_estimators': 1800, 'max_features': 1, 'min_samples_leaf': 5};0.4911784285346881;-3.03106800120758
221;{'n_estimators': 1800, 'max_features': 1, 'min_samples_leaf': 6};0.42913319119948634;-3.0915950786840205
222;{'n_estimators': 1800, 'max_features': 2, 'min_samples_leaf': 1};0.9369585630677687;-2.9341876570752468
223;{'n_estimators': 1800, 'max_features': 2, 'min_samples_leaf': 2};0.8402250176154096;-2.7366710333913016
224;{'n_estimators': 1800, 'max_features': 2, 'min_samples_leaf': 3};0.7484541356053789;-2.914175486972128
225;{'n_estimators': 1800, 'max_features': 2, 'min_samples_leaf': 4};0.6710438033980483;-3.005357341764799
226;{'n_estimators': 1800, 'max_features': 2, 'min_samples_leaf': 5};0.6051895690266261;-3.0802672890552065
227;{'n_estimators': 1800, 'max_features': 2, 'min_samples_leaf': 6};0.5441753631310395;-3.134302501119478
228;{'n_estimators': 1800, 'max_features': 3, 'min_samples_leaf': 1};0.9424793907385455;-3.031797386582413
229;{'n_estimators': 1800, 'max_features': 3, 'min_samples_leaf': 2};0.8740720989658473;-2.854510384307864
230;{'n_estimators': 1800, 'max_features': 3, 'min_samples_leaf': 3};0.7964858474468387;-3.1165092362383224
231;{'n_estimators': 1800, 'max_features': 3, 'min_samples_leaf': 4};0.7296613757189622;-3.0566425855653225
232;{'n_estimators': 1800, 'max_features': 3, 'min_samples_leaf': 5};0.6694122775658051;-3.189945520671212
233;{'n_estimators': 1800, 'max_features': 3, 'min_samples_leaf': 6};0.6090602784200573;-3.386988966735732
234;{'n_estimators': 1800, 'max_features': 4, 'min_samples_leaf': 1};0.9478550026089815;-2.694672801943888
235;{'n_estimators': 1800, 'max_features': 4, 'min_samples_leaf': 2};0.8932000875337576;-2.5209092651325298
236;{'n_estimators': 1800, 'max_features': 4, 'min_samples_leaf': 3};0.8282169286748363;-2.5484842595497366
237;{'n_estimators': 1800, 'max_features': 4, 'min_samples_leaf': 4};0.7661123544017857;-2.827307859467164
238;{'n_estimators': 1800, 'max_features': 4, 'min_samples_leaf': 5};0.7104774261615082;-3.0135432265781867
239;{'n_estimators': 1800, 'max_features': 4, 'min_samples_leaf': 6};0.6536646945553435;-2.9784452312008094
240;{'n_estimators': 1800, 'max_features': 5, 'min_samples_leaf': 1};0.9519839963844449;-2.405170872464816
241;{'n_estimators': 1800, 'max_features': 5, 'min_samples_leaf': 2};0.9064320228440549;-2.2462979429307124
242;{'n_estimators': 1800, 'max_features': 5, 'min_samples_leaf': 3};0.8473706914925071;-2.3981831221238976
243;{'n_estimators': 1800, 'max_features': 5, 'min_samples_leaf': 4};0.7909134785007379;-2.765887471357351
244;{'n_estimators': 1800, 'max_features': 5, 'min_samples_leaf': 5};0.7362212104443181;-2.8570262130014465
245;{'n_estimators': 1800, 'max_features': 5, 'min_samples_leaf': 6};0.682037136251837;-2.954183849017775
246;{'n_estimators': 1800, 'max_features': 6, 'min_samples_leaf': 1};0.9547847696651471;-2.3045698358897684
247;{'n_estimators': 1800, 'max_features': 6, 'min_samples_leaf': 2};0.9155053332180783;-2.2293961310808834
248;{'n_estimators': 1800, 'max_features': 6, 'min_samples_leaf': 3};0.8630196191112853;-2.331091397640899
249;{'n_estimators': 1800, 'max_features': 6, 'min_samples_leaf': 4};0.8091438287176432;-2.454965938445063
250;{'n_estimators': 1800, 'max_features': 6, 'min_samples_leaf': 5};0.7588085295850341;-2.693709600069324
251;{'n_estimators': 1800, 'max_features': 6, 'min_samples_leaf': 6};0.7067630845636816;-2.7965846797996066
252;{'n_estimators': 1800, 'max_features': 7, 'min_samples_leaf': 1};0.9565356421991297;-2.0728585502747956
253;{'n_estimators': 1800, 'max_features': 7, 'min_samples_leaf': 2};0.9217283893201982;-1.9576184664845382
254;{'n_estimators': 1800, 'max_features': 7, 'min_samples_leaf': 3};0.8742988306428542;-2.0591399275122555
255;{'n_estimators': 1800, 'max_features': 7, 'min_samples_leaf': 4};0.8242853578841725;-2.1424790117370236
256;{'n_estimators': 1800, 'max_features': 7, 'min_samples_leaf': 5};0.7752874433456043;-2.3567183660369357
257;{'n_estimators': 1800, 'max_features': 7, 'min_samples_leaf': 6};0.7238416294768603;-2.536653636320172
258;{'n_estimators': 1800, 'max_features': 8, 'min_samples_leaf': 1};0.9590615417466871;-1.8901444581071982
259;{'n_estimators': 1800, 'max_features': 8, 'min_samples_leaf': 2};0.9276290649701326;-1.921779363824653
260;{'n_estimators': 1800, 'max_features': 8, 'min_samples_leaf': 3};0.8828464996683708;-1.9968650083911625
261;{'n_estimators': 1800, 'max_features': 8, 'min_samples_leaf': 4};0.8360153539049516;-2.1074582215270063
262;{'n_estimators': 1800, 'max_features': 8, 'min_samples_leaf': 5};0.7881010741232475;-2.3238319542952555
263;{'n_estimators': 1800, 'max_features': 8, 'min_samples_leaf': 6};0.7386071319866786;-2.570287325696129
264;{'n_estimators': 1800, 'max_features': 9, 'min_samples_leaf': 1};0.9609705163090216;-1.6460788712754844
265;{'n_estimators': 1800, 'max_features': 9, 'min_samples_leaf': 2};0.9321219366152954;-1.7408405070980422
266;{'n_estimators': 1800, 'max_features': 9, 'min_samples_leaf': 3};0.8912045722002556;-1.8977096790678618
267;{'n_estimators': 1800, 'max_features': 9, 'min_samples_leaf': 4};0.8461765558780137;-2.0828513123677443
268;{'n_estimators': 1800, 'max_features': 9, 'min_samples_leaf': 5};0.8013893912681056;-2.2046926128303856
269;{'n_estimators': 1800, 'max_features': 9, 'min_samples_leaf': 6};0.7528281694210142;-2.321475244358177
270;{'n_estimators': 200, 'max_features': 1, 'min_samples_leaf': 1};0.9301564909043751;-3.1294685249414185
271;{'n_estimators': 200, 'max_features': 1, 'min_samples_leaf': 2};0.7786155619303105;-3.942500907436005
272;{'n_estimators': 200, 'max_features': 1, 'min_samples_leaf': 3};0.6751024360486559;-3.6066715253792454
273;{'n_estimators': 200, 'max_features': 1, 'min_samples_leaf': 4};0.5797634728639519;-3.247860005256693
274;{'n_estimators': 200, 'max_features': 1, 'min_samples_leaf': 5};0.5126204773217741;-3.233869100747074
275;{'n_estimators': 200, 'max_features': 1, 'min_samples_leaf': 6};0.45096491269005357;-3.2518842613011456
276;{'n_estimators': 200, 'max_features': 2, 'min_samples_leaf': 1};0.935842323025615;-3.2382024532721765
277;{'n_estimators': 200, 'max_features': 2, 'min_samples_leaf': 2};0.8382262115616909;-3.214032184524983
278;{'n_estimators': 200, 'max_features': 2, 'min_samples_leaf': 3};0.7474663338856944;-4.079886616911143
279;{'n_estimators': 200, 'max_features': 2, 'min_samples_leaf': 4};0.6644499277039729;-3.5867274720644664
280;{'n_estimators': 200, 'max_features': 2, 'min_samples_leaf': 5};0.5974275393440702;-3.8329333047237375
281;{'n_estimators': 200, 'max_features': 2, 'min_samples_leaf': 6};0.5330854071209096;-3.833560788222593
282;{'n_estimators': 200, 'max_features': 3, 'min_samples_leaf': 1};0.9432186963641657;-3.5163470057190622
283;{'n_estimators': 200, 'max_features': 3, 'min_samples_leaf': 2};0.8740161763830094;-3.5447475107235578
284;{'n_estimators': 200, 'max_features': 3, 'min_samples_leaf': 3};0.8006865178282571;-3.8038669850015245
285;{'n_estimators': 200, 'max_features': 3, 'min_samples_leaf': 4};0.7355343000294574;-3.987754436692972
286;{'n_estimators': 200, 'max_features': 3, 'min_samples_leaf': 5};0.6763911462196704;-3.736528081279585
287;{'n_estimators': 200, 'max_features': 3, 'min_samples_leaf': 6};0.6118104093860168;-3.807552853399058
288;{'n_estimators': 200, 'max_features': 4, 'min_samples_leaf': 1};0.9478982177972421;-3.7982530592403756
289;{'n_estimators': 200, 'max_features': 4, 'min_samples_leaf': 2};0.8918770447918488;-2.8188474814100566
290;{'n_estimators': 200, 'max_features': 4, 'min_samples_leaf': 3};0.823683677673676;-2.379203349040014
291;{'n_estimators': 200, 'max_features': 4, 'min_samples_leaf': 4};0.7592069984977446;-3.6554269604711997
292;{'n_estimators': 200, 'max_features': 4, 'min_samples_leaf': 5};0.6997969144256769;-3.5183773315998423
293;{'n_estimators': 200, 'max_features': 4, 'min_samples_leaf': 6};0.6413104335596899;-3.5030781450395394
294;{'n_estimators': 200, 'max_features': 5, 'min_samples_leaf': 1};0.9516493836613945;-2.724136847942977
295;{'n_estimators': 200, 'max_features': 5, 'min_samples_leaf': 2};0.9072011684515395;-2.0658605119773865
296;{'n_estimators': 200, 'max_features': 5, 'min_samples_leaf': 3};0.8473354152652852;-2.824968730699471
297;{'n_estimators': 200, 'max_features': 5, 'min_samples_leaf': 4};0.7937800574541404;-3.302315617419967
298;{'n_estimators': 200, 'max_features': 5, 'min_samples_leaf': 5};0.7356996177307018;-3.091723020827224
299;{'n_estimators': 200, 'max_features': 5, 'min_samples_leaf': 6};0.6806343584118023;-3.145383154399453
300;{'n_estimators': 200, 'max_features': 6, 'min_samples_leaf': 1};0.9542568001217668;-2.298443712514486
301;{'n_estimators': 200, 'max_features': 6, 'min_samples_leaf': 2};0.9140724322057014;-2.487527368522611
302;{'n_estimators': 200, 'max_features': 6, 'min_samples_leaf': 3};0.867089404562756;-2.500685207366652
303;{'n_estimators': 200, 'max_features': 6, 'min_samples_leaf': 4};0.8168684720107204;-2.379093167841703
304;{'n_estimators': 200, 'max_features': 6, 'min_samples_leaf': 5};0.7650256274445912;-2.8591872814225887
305;{'n_estimators': 200, 'max_features': 6, 'min_samples_leaf': 6};0.7143066569033923;-2.845193868360773
306;{'n_estimators': 200, 'max_features': 7, 'min_samples_leaf': 1};0.9565180682682651;-2.3343271966168677
307;{'n_estimators': 200, 'max_features': 7, 'min_samples_leaf': 2};0.9226576920643843;-1.892193893743927
308;{'n_estimators': 200, 'max_features': 7, 'min_samples_leaf': 3};0.8757591887402791;-1.8477819606059325
309;{'n_estimators': 200, 'max_features': 7, 'min_samples_leaf': 4};0.8293727195047879;-1.827397910173812
310;{'n_estimators': 200, 'max_features': 7, 'min_samples_leaf': 5};0.7815981193484787;-2.3723613423100214
311;{'n_estimators': 200, 'max_features': 7, 'min_samples_leaf': 6};0.7349879696613733;-2.416254156011944
312;{'n_estimators': 200, 'max_features': 8, 'min_samples_leaf': 1};0.959647904720789;-2.229102227317299
313;{'n_estimators': 200, 'max_features': 8, 'min_samples_leaf': 2};0.9311892807258099;-1.811365137514441
314;{'n_estimators': 200, 'max_features': 8, 'min_samples_leaf': 3};0.8883991845046092;-2.221153907671912
315;{'n_estimators': 200, 'max_features': 8, 'min_samples_leaf': 4};0.8444193794457563;-2.0153788057171624
316;{'n_estimators': 200, 'max_features': 8, 'min_samples_leaf': 5};0.7960016388667079;-1.9414235993154474
317;{'n_estimators': 200, 'max_features': 8, 'min_samples_leaf': 6};0.7462655759143361;-2.3374069380056417
318;{'n_estimators': 200, 'max_features': 9, 'min_samples_leaf': 1};0.9636410941736402;-1.4388990152653256
319;{'n_estimators': 200, 'max_features': 9, 'min_samples_leaf': 2};0.938253255756592;-1.531727949637109
320;{'n_estimators': 200, 'max_features': 9, 'min_samples_leaf': 3};0.8997419715909307;-1.5568945986535678
321;{'n_estimators': 200, 'max_features': 9, 'min_samples_leaf': 4};0.8593581276027275;-1.734091611179852
322;{'n_estimators': 200, 'max_features': 9, 'min_samples_leaf': 5};0.8185325409338405;-1.9795097636192156
323;{'n_estimators': 200, 'max_features': 9, 'min_samples_leaf': 6};0.769631726321982;-1.8826468724042353
324;{'n_estimators': 2000, 'max_features': 1, 'min_samples_leaf': 1};0.9265953379114059;-2.6660481817073007
325;{'n_estimators': 2000, 'max_features': 1, 'min_samples_leaf': 2};0.7688073511291158;-2.725266625159771
326;{'n_estimators': 2000, 'max_features': 1, 'min_samples_leaf': 3};0.654412318506248;-2.8153817571921897
327;{'n_estimators': 2000, 'max_features': 1, 'min_samples_leaf': 4};0.5656243709572173;-2.8803842081425213
328;{'n_estimators': 2000, 'max_features': 1, 'min_samples_leaf': 5};0.4917189138747725;-2.9831274405465416
329;{'n_estimators': 2000, 'max_features': 1, 'min_samples_leaf': 6};0.42863587665836844;-3.046517453481658
330;{'n_estimators': 2000, 'max_features': 2, 'min_samples_leaf': 1};0.9370707172136301;-2.936716872266746
331;{'n_estimators': 2000, 'max_features': 2, 'min_samples_leaf': 2};0.8406533005088359;-2.7531210283433234
332;{'n_estimators': 2000, 'max_features': 2, 'min_samples_leaf': 3};0.7494510317433092;-2.9025136121691504
333;{'n_estimators': 2000, 'max_features': 2, 'min_samples_leaf': 4};0.6729076663514155;-3.0111829090002744
334;{'n_estimators': 2000, 'max_features': 2, 'min_samples_leaf': 5};0.6067758221667371;-3.0881686136479636
335;{'n_estimators': 2000, 'max_features': 2, 'min_samples_leaf': 6};0.5457487669399005;-3.160658406994327
336;{'n_estimators': 2000, 'max_features': 3, 'min_samples_leaf': 1};0.9423813371696543;-3.0334040835305798
337;{'n_estimators': 2000, 'max_features': 3, 'min_samples_leaf': 2};0.8740754207553779;-2.8877057349292334
338;{'n_estimators': 2000, 'max_features': 3, 'min_samples_leaf': 3};0.79696044254828;-3.115988178912011
339;{'n_estimators': 2000, 'max_features': 3, 'min_samples_leaf': 4};0.7295019700989955;-3.0719071385000674
340;{'n_estimators': 2000, 'max_features': 3, 'min_samples_leaf': 5};0.6695716336705774;-3.204973499640021
341;{'n_estimators': 2000, 'max_features': 3, 'min_samples_leaf': 6};0.6090475777821367;-3.3571129136206808
342;{'n_estimators': 2000, 'max_features': 4, 'min_samples_leaf': 1};0.947986973977516;-2.718461845494757
343;{'n_estimators': 2000, 'max_features': 4, 'min_samples_leaf': 2};0.8933776816918172;-2.5559375215462525
344;{'n_estimators': 2000, 'max_features': 4, 'min_samples_leaf': 3};0.8283527016824135;-2.583024687640931
345;{'n_estimators': 2000, 'max_features': 4, 'min_samples_leaf': 4};0.7663169070309264;-2.8376699627013293
346;{'n_estimators': 2000, 'max_features': 4, 'min_samples_leaf': 5};0.7105238441674209;-3.041930400693709
347;{'n_estimators': 2000, 'max_features': 4, 'min_samples_leaf': 6};0.6536183429381434;-3.009652726753979
348;{'n_estimators': 2000, 'max_features': 5, 'min_samples_leaf': 1};0.9520711679621418;-2.415817846820347
349;{'n_estimators': 2000, 'max_features': 5, 'min_samples_leaf': 2};0.9069545929066312;-2.2397299863088462
350;{'n_estimators': 2000, 'max_features': 5, 'min_samples_leaf': 3};0.8484560549234;-2.4100075967078647
351;{'n_estimators': 2000, 'max_features': 5, 'min_samples_leaf': 4};0.7915320544499939;-2.7540511297002124
352;{'n_estimators': 2000, 'max_features': 5, 'min_samples_leaf': 5};0.7376160120385671;-2.830054791736706
353;{'n_estimators': 2000, 'max_features': 5, 'min_samples_leaf': 6};0.68333770093148;-2.924674190512616
354;{'n_estimators': 2000, 'max_features': 6, 'min_samples_leaf': 1};0.9550169923893698;-2.2835356630102703
355;{'n_estimators': 2000, 'max_features': 6, 'min_samples_leaf': 2};0.9157063091341;-2.2409453222029243
356;{'n_estimators': 2000, 'max_features': 6, 'min_samples_leaf': 3};0.863633012255459;-2.3439872703797504
357;{'n_estimators': 2000, 'max_features': 6, 'min_samples_leaf': 4};0.8097133572791442;-2.47241355519463
358;{'n_estimators': 2000, 'max_features': 6, 'min_samples_leaf': 5};0.7589194552215763;-2.6904467491742587
359;{'n_estimators': 2000, 'max_features': 6, 'min_samples_leaf': 6};0.7069578717772435;-2.7840463504699744
360;{'n_estimators': 2000, 'max_features': 7, 'min_samples_leaf': 1};0.9566397262043737;-2.000860854827019
361;{'n_estimators': 2000, 'max_features': 7, 'min_samples_leaf': 2};0.9218936752610108;-1.882116230388057
362;{'n_estimators': 2000, 'max_features': 7, 'min_samples_leaf': 3};0.8745949580171747;-2.0409943047928834
363;{'n_estimators': 2000, 'max_features': 7, 'min_samples_leaf': 4};0.8243752046301006;-2.1576674446849613
364;{'n_estimators': 2000, 'max_features': 7, 'min_samples_leaf': 5};0.7750374007114577;-2.366547546049623
365;{'n_estimators': 2000, 'max_features': 7, 'min_samples_leaf': 6};0.7237185435758153;-2.512508938181411
366;{'n_estimators': 2000, 'max_features': 8, 'min_samples_leaf': 1};0.959230546322328;-1.8435005232331303
367;{'n_estimators': 2000, 'max_features': 8, 'min_samples_leaf': 2};0.9280091317768122;-1.8667118203262096
368;{'n_estimators': 2000, 'max_features': 8, 'min_samples_leaf': 3};0.8836124213884309;-1.9302005682150543
369;{'n_estimators': 2000, 'max_features': 8, 'min_samples_leaf': 4};0.8372105798564184;-2.0818364775198948
370;{'n_estimators': 2000, 'max_features': 8, 'min_samples_leaf': 5};0.7890848704422975;-2.2864118756786764
371;{'n_estimators': 2000, 'max_features': 8, 'min_samples_leaf': 6};0.7394000308338031;-2.5289396310382433
372;{'n_estimators': 2000, 'max_features': 9, 'min_samples_leaf': 1};0.9610972192602594;-1.6428892999214528
373;{'n_estimators': 2000, 'max_features': 9, 'min_samples_leaf': 2};0.9323184704427027;-1.7087079926455435
374;{'n_estimators': 2000, 'max_features': 9, 'min_samples_leaf': 3};0.8918863612535326;-1.8826783779096812
375;{'n_estimators': 2000, 'max_features': 9, 'min_samples_leaf': 4};0.8466665118447428;-2.0851220628246363
376;{'n_estimators': 2000, 'max_features': 9, 'min_samples_leaf': 5};0.8022134591096324;-2.2075984603108205
377;{'n_estimators': 2000, 'max_features': 9, 'min_samples_leaf': 6};0.7538951645541626;-2.3342856163374903
378;{'n_estimators': 400, 'max_features': 1, 'min_samples_leaf': 1};0.9282768369026801;-2.6933620996992196
379;{'n_estimators': 400, 'max_features': 1, 'min_samples_leaf': 2};0.7720275688964243;-2.907748517861674
380;{'n_estimators': 400, 'max_features': 1, 'min_samples_leaf': 3};0.6636912877418892;-3.070591225038277
381;{'n_estimators': 400, 'max_features': 1, 'min_samples_leaf': 4};0.5763998950220766;-2.8603610451671875
382;{'n_estimators': 400, 'max_features': 1, 'min_samples_leaf': 5};0.5026973789872258;-2.9215267469425372
383;{'n_estimators': 400, 'max_features': 1, 'min_samples_leaf': 6};0.44110132777678634;-2.962673138224523
384;{'n_estimators': 400, 'max_features': 2, 'min_samples_leaf': 1};0.9366929655882059;-3.1894409659854244
385;{'n_estimators': 400, 'max_features': 2, 'min_samples_leaf': 2};0.8379624819924913;-2.8013357708732736
386;{'n_estimators': 400, 'max_features': 2, 'min_samples_leaf': 3};0.7488954865774591;-3.3031043590127225
387;{'n_estimators': 400, 'max_features': 2, 'min_samples_leaf': 4};0.6715278776781187;-3.1125169807695205
388;{'n_estimators': 400, 'max_features': 2, 'min_samples_leaf': 5};0.6042925994711644;-3.499796987077482
389;{'n_estimators': 400, 'max_features': 2, 'min_samples_leaf': 6};0.5410207055373165;-3.382375899571241
390;{'n_estimators': 400, 'max_features': 3, 'min_samples_leaf': 1};0.9439179868915064;-2.8443977129883526
391;{'n_estimators': 400, 'max_features': 3, 'min_samples_leaf': 2};0.8742210525866602;-2.9414715461874184
392;{'n_estimators': 400, 'max_features': 3, 'min_samples_leaf': 3};0.7974503611732257;-3.3555633688401096
393;{'n_estimators': 400, 'max_features': 3, 'min_samples_leaf': 4};0.7330317011560435;-3.5685304052763405
394;{'n_estimators': 400, 'max_features': 3, 'min_samples_leaf': 5};0.6753132916179607;-3.3987403534288005
395;{'n_estimators': 400, 'max_features': 3, 'min_samples_leaf': 6};0.6141282173305219;-3.668879959058445
396;{'n_estimators': 400, 'max_features': 4, 'min_samples_leaf': 1};0.9484620569968485;-3.0119153466350133
397;{'n_estimators': 400, 'max_features': 4, 'min_samples_leaf': 2};0.8933013194867268;-2.7093185736224483
398;{'n_estimators': 400, 'max_features': 4, 'min_samples_leaf': 3};0.8266336317751459;-2.628236521243309
399;{'n_estimators': 400, 'max_features': 4, 'min_samples_leaf': 4};0.7633412090470534;-3.273120501364038
400;{'n_estimators': 400, 'max_features': 4, 'min_samples_leaf': 5};0.707565474231669;-3.164853794417213
401;{'n_estimators': 400, 'max_features': 4, 'min_samples_leaf': 6};0.6515701188640842;-3.3451567774569555
402;{'n_estimators': 400, 'max_features': 5, 'min_samples_leaf': 1};0.9522084952637269;-2.25008372954717
403;{'n_estimators': 400, 'max_features': 5, 'min_samples_leaf': 2};0.9088153933267076;-1.9978094371166712
404;{'n_estimators': 400, 'max_features': 5, 'min_samples_leaf': 3};0.8478829597515235;-2.476619247957106
405;{'n_estimators': 400, 'max_features': 5, 'min_samples_leaf': 4};0.7936026823431204;-2.7340854499551965
406;{'n_estimators': 400, 'max_features': 5, 'min_samples_leaf': 5};0.7377933944121416;-2.774287847247409
407;{'n_estimators': 400, 'max_features': 5, 'min_samples_leaf': 6};0.6845302809763265;-2.858197783845031
408;{'n_estimators': 400, 'max_features': 6, 'min_samples_leaf': 1};0.9553870085687913;-2.2371577472493693
409;{'n_estimators': 400, 'max_features': 6, 'min_samples_leaf': 2};0.9155796317597222;-2.10975987985159
410;{'n_estimators': 400, 'max_features': 6, 'min_samples_leaf': 3};0.8653046274712226;-2.4048814633421465
411;{'n_estimators': 400, 'max_features': 6, 'min_samples_leaf': 4};0.8126317724239309;-2.3172422755864734
412;{'n_estimators': 400, 'max_features': 6, 'min_samples_leaf': 5};0.7632034888594357;-2.766763746270032
413;{'n_estimators': 400, 'max_features': 6, 'min_samples_leaf': 6};0.7140286805261142;-2.843292309756815
414;{'n_estimators': 400, 'max_features': 7, 'min_samples_leaf': 1};0.9571528423113846;-2.153527710468798
415;{'n_estimators': 400, 'max_features': 7, 'min_samples_leaf': 2};0.9229780126262466;-1.7326361830775716
416;{'n_estimators': 400, 'max_features': 7, 'min_samples_leaf': 3};0.875861399146397;-1.851921360440328
417;{'n_estimators': 400, 'max_features': 7, 'min_samples_leaf': 4};0.8280099645153782;-1.9191561022811232
418;{'n_estimators': 400, 'max_features': 7, 'min_samples_leaf': 5};0.7790237722888063;-2.177901641747784
419;{'n_estimators': 400, 'max_features': 7, 'min_samples_leaf': 6};0.7308372423999107;-2.3351445323398643
420;{'n_estimators': 400, 'max_features': 8, 'min_samples_leaf': 1};0.9599993460745383;-2.0248776785701246
421;{'n_estimators': 400, 'max_features': 8, 'min_samples_leaf': 2};0.9289433555914437;-1.9370552072687115
422;{'n_estimators': 400, 'max_features': 8, 'min_samples_leaf': 3};0.8860495901767876;-1.9164301682805238
423;{'n_estimators': 400, 'max_features': 8, 'min_samples_leaf': 4};0.8415055081465651;-1.947422224221171
424;{'n_estimators': 400, 'max_features': 8, 'min_samples_leaf': 5};0.7925204188049892;-2.1271907570586053
425;{'n_estimators': 400, 'max_features': 8, 'min_samples_leaf': 6};0.7440290378075537;-2.364778932343479
426;{'n_estimators': 400, 'max_features': 9, 'min_samples_leaf': 1};0.9626779669096978;-1.36212296968413
427;{'n_estimators': 400, 'max_features': 9, 'min_samples_leaf': 2};0.9337689043028334;-1.6680495956335815
428;{'n_estimators': 400, 'max_features': 9, 'min_samples_leaf': 3};0.8948521014762092;-1.6407856825327514
429;{'n_estimators': 400, 'max_features': 9, 'min_samples_leaf': 4};0.850248012872212;-1.9298040199383308
430;{'n_estimators': 400, 'max_features': 9, 'min_samples_leaf': 5};0.8082859045851596;-2.1338979834013516
431;{'n_estimators': 400, 'max_features': 9, 'min_samples_leaf': 6};0.7619711785401329;-2.194553736130252
432;{'n_estimators': 600, 'max_features': 1, 'min_samples_leaf': 1};0.9273496810237049;-2.659357002521884
433;{'n_estimators': 600, 'max_features': 1, 'min_samples_leaf': 2};0.7689705751543933;-2.8676739158020386
434;{'n_estimators': 600, 'max_features': 1, 'min_samples_leaf': 3};0.6560810958963282;-3.049886671206839
435;{'n_estimators': 600, 'max_features': 1, 'min_samples_leaf': 4};0.5687734958300098;-2.9763426000246818
436;{'n_estimators': 600, 'max_features': 1, 'min_samples_leaf': 5};0.49595700658879077;-3.110898373595165
437;{'n_estimators': 600, 'max_features': 1, 'min_samples_leaf': 6};0.4340786934588511;-3.1237901798095313
438;{'n_estimators': 600, 'max_features': 2, 'min_samples_leaf': 1};0.9372641847133826;-3.112802724856181
439;{'n_estimators': 600, 'max_features': 2, 'min_samples_leaf': 2};0.8386425249414394;-2.880003015375755
440;{'n_estimators': 600, 'max_features': 2, 'min_samples_leaf': 3};0.749230188033557;-3.148426152274984
441;{'n_estimators': 600, 'max_features': 2, 'min_samples_leaf': 4};0.6722087975965533;-2.853043941354806
442;{'n_estimators': 600, 'max_features': 2, 'min_samples_leaf': 5};0.6055920379505276;-3.3396726699801915
443;{'n_estimators': 600, 'max_features': 2, 'min_samples_leaf': 6};0.5410977551869633;-3.4059527364973747
444;{'n_estimators': 600, 'max_features': 3, 'min_samples_leaf': 1};0.9431047886207178;-2.839752115037982
445;{'n_estimators': 600, 'max_features': 3, 'min_samples_leaf': 2};0.8724784669744496;-2.8490244549038084
446;{'n_estimators': 600, 'max_features': 3, 'min_samples_leaf': 3};0.7958698721521174;-3.2957662972071624
447;{'n_estimators': 600, 'max_features': 3, 'min_samples_leaf': 4};0.7299317731741765;-3.434560734770396
448;{'n_estimators': 600, 'max_features': 3, 'min_samples_leaf': 5};0.670891539790434;-3.2682545929584856
449;{'n_estimators': 600, 'max_features': 3, 'min_samples_leaf': 6};0.610361272272294;-3.475586512051766
450;{'n_estimators': 600, 'max_features': 4, 'min_samples_leaf': 1};0.9490218235168572;-2.783579730186343
451;{'n_estimators': 600, 'max_features': 4, 'min_samples_leaf': 2};0.8937736220245396;-2.473684358288405
452;{'n_estimators': 600, 'max_features': 4, 'min_samples_leaf': 3};0.8278605223349886;-2.5327191139592076
453;{'n_estimators': 600, 'max_features': 4, 'min_samples_leaf': 4};0.7672281499965802;-3.072356523677379
454;{'n_estimators': 600, 'max_features': 4, 'min_samples_leaf': 5};0.71272754237077;-2.9834438335817866
455;{'n_estimators': 600, 'max_features': 4, 'min_samples_leaf': 6};0.6558789246601027;-3.0501828016462413
456;{'n_estimators': 600, 'max_features': 5, 'min_samples_leaf': 1};0.9522223982579601;-2.168457963520923
457;{'n_estimators': 600, 'max_features': 5, 'min_samples_leaf': 2};0.9080771891805404;-1.8304250627371985
458;{'n_estimators': 600, 'max_features': 5, 'min_samples_leaf': 3};0.8482177827196425;-2.287171061489585
459;{'n_estimators': 600, 'max_features': 5, 'min_samples_leaf': 4};0.793943335200425;-2.7071311193396617
460;{'n_estimators': 600, 'max_features': 5, 'min_samples_leaf': 5};0.7391386448306818;-2.7826935737548326
461;{'n_estimators': 600, 'max_features': 5, 'min_samples_leaf': 6};0.6867081827745961;-2.9106004935544627
462;{'n_estimators': 600, 'max_features': 6, 'min_samples_leaf': 1};0.9558482455585573;-2.0415835265170257
463;{'n_estimators': 600, 'max_features': 6, 'min_samples_leaf': 2};0.9165811096258103;-1.9618054490960923
464;{'n_estimators': 600, 'max_features': 6, 'min_samples_leaf': 3};0.8658131977049427;-2.2189400649161497
465;{'n_estimators': 600, 'max_features': 6, 'min_samples_leaf': 4};0.8129304713566231;-2.3432665473561562
466;{'n_estimators': 600, 'max_features': 6, 'min_samples_leaf': 5};0.7646605127364806;-2.600687963497822
467;{'n_estimators': 600, 'max_features': 6, 'min_samples_leaf': 6};0.7157811392793331;-2.747683587804162
468;{'n_estimators': 600, 'max_features': 7, 'min_samples_leaf': 1};0.9575702644301913;-2.017322858073983
469;{'n_estimators': 600, 'max_features': 7, 'min_samples_leaf': 2};0.9243015404724348;-1.767148893545592
470;{'n_estimators': 600, 'max_features': 7, 'min_samples_leaf': 3};0.8763649663908033;-1.7251046694670407
471;{'n_estimators': 600, 'max_features': 7, 'min_samples_leaf': 4};0.8288541684801121;-1.8299974909027479
472;{'n_estimators': 600, 'max_features': 7, 'min_samples_leaf': 5};0.7793108996677256;-2.1195532823949583
473;{'n_estimators': 600, 'max_features': 7, 'min_samples_leaf': 6};0.7321157240830007;-2.3567929398185425
474;{'n_estimators': 600, 'max_features': 8, 'min_samples_leaf': 1};0.9600911767156122;-1.8400720406125601
475;{'n_estimators': 600, 'max_features': 8, 'min_samples_leaf': 2};0.9292267729117711;-1.8055097711541017
476;{'n_estimators': 600, 'max_features': 8, 'min_samples_leaf': 3};0.8856015394672339;-2.0495012812189857
477;{'n_estimators': 600, 'max_features': 8, 'min_samples_leaf': 4};0.8420391362697078;-1.9378245092041677
478;{'n_estimators': 600, 'max_features': 8, 'min_samples_leaf': 5};0.79479252335441;-2.142565228956217
479;{'n_estimators': 600, 'max_features': 8, 'min_samples_leaf': 6};0.7472034971812633;-2.408772396750298
480;{'n_estimators': 600, 'max_features': 9, 'min_samples_leaf': 1};0.9624413423892012;-1.4475131654597697
481;{'n_estimators': 600, 'max_features': 9, 'min_samples_leaf': 2};0.9336009337403036;-1.6830844899072759
482;{'n_estimators': 600, 'max_features': 9, 'min_samples_leaf': 3};0.8945121562655037;-1.7582163690071735
483;{'n_estimators': 600, 'max_features': 9, 'min_samples_leaf': 4};0.8508151494233231;-1.9273087178728878
484;{'n_estimators': 600, 'max_features': 9, 'min_samples_leaf': 5};0.8072158833921865;-2.0933626133814007
485;{'n_estimators': 600, 'max_features': 9, 'min_samples_leaf': 6};0.7608320693439984;-2.17212701818474
486;{'n_estimators': 800, 'max_features': 1, 'min_samples_leaf': 1};0.9270680063053535;-2.6253584746927197
487;{'n_estimators': 800, 'max_features': 1, 'min_samples_leaf': 2};0.7678847091148961;-2.840400231708241
488;{'n_estimators': 800, 'max_features': 1, 'min_samples_leaf': 3};0.6560789940831453;-2.9444117355147084
489;{'n_estimators': 800, 'max_features': 1, 'min_samples_leaf': 4};0.5684434938540128;-2.9307473063504093
490;{'n_estimators': 800, 'max_features': 1, 'min_samples_leaf': 5};0.49496839620061034;-3.06129730442078
491;{'n_estimators': 800, 'max_features': 1, 'min_samples_leaf': 6};0.43350503099094934;-3.0734555383357005
492;{'n_estimators': 800, 'max_features': 2, 'min_samples_leaf': 1};0.9362735117570617;-3.037875366135022
493;{'n_estimators': 800, 'max_features': 2, 'min_samples_leaf': 2};0.8376034002323547;-2.7398550509131296
494;{'n_estimators': 800, 'max_features': 2, 'min_samples_leaf': 3};0.7477458312155232;-3.0604550584796186
495;{'n_estimators': 800, 'max_features': 2, 'min_samples_leaf': 4};0.669373329917925;-2.843205385743534
496;{'n_estimators': 800, 'max_features': 2, 'min_samples_leaf': 5};0.6019223018122565;-3.297021011102345
497;{'n_estimators': 800, 'max_features': 2, 'min_samples_leaf': 6};0.5402598000317329;-3.3144728600702655
498;{'n_estimators': 800, 'max_features': 3, 'min_samples_leaf': 1};0.9419203866514776;-2.7403156974752134
499;{'n_estimators': 800, 'max_features': 3, 'min_samples_leaf': 2};0.8717981925237737;-2.8453720377597147
500;{'n_estimators': 800, 'max_features': 3, 'min_samples_leaf': 3};0.794358366046976;-3.1575373081746014
501;{'n_estimators': 800, 'max_features': 3, 'min_samples_leaf': 4};0.7275347981880831;-3.337894379819992
502;{'n_estimators': 800, 'max_features': 3, 'min_samples_leaf': 5};0.667294485796939;-3.252947697883421
503;{'n_estimators': 800, 'max_features': 3, 'min_samples_leaf': 6};0.6074114947740309;-3.4192065010214434
504;{'n_estimators': 800, 'max_features': 4, 'min_samples_leaf': 1};0.9479166252594992;-2.6721780123713135
505;{'n_estimators': 800, 'max_features': 4, 'min_samples_leaf': 2};0.8922222978286749;-2.452064292492251
506;{'n_estimators': 800, 'max_features': 4, 'min_samples_leaf': 3};0.8266456931436398;-2.4177050518601577
507;{'n_estimators': 800, 'max_features': 4, 'min_samples_leaf': 4};0.76524290909332;-2.849475888975885
508;{'n_estimators': 800, 'max_features': 4, 'min_samples_leaf': 5};0.7102935567259139;-2.91087450476486
509;{'n_estimators': 800, 'max_features': 4, 'min_samples_leaf': 6};0.6532300926805769;-2.9589679809155824
510;{'n_estimators': 800, 'max_features': 5, 'min_samples_leaf': 1};0.9513006223897758;-2.250476294762486
511;{'n_estimators': 800, 'max_features': 5, 'min_samples_leaf': 2};0.9057132239893303;-1.9940562510775717
512;{'n_estimators': 800, 'max_features': 5, 'min_samples_leaf': 3};0.84607142096015;-2.3188480903475788
513;{'n_estimators': 800, 'max_features': 5, 'min_samples_leaf': 4};0.7909340733170159;-2.626287503484981
514;{'n_estimators': 800, 'max_features': 5, 'min_samples_leaf': 5};0.7348117852023595;-2.7567276167288504
515;{'n_estimators': 800, 'max_features': 5, 'min_samples_leaf': 6};0.682352674504461;-2.8684799189919765
516;{'n_estimators': 800, 'max_features': 6, 'min_samples_leaf': 1};0.95499461478;-2.1344624867554503
517;{'n_estimators': 800, 'max_features': 6, 'min_samples_leaf': 2};0.916247023281396;-2.0371562364832614
518;{'n_estimators': 800, 'max_features': 6, 'min_samples_leaf': 3};0.8649478041633973;-2.204349265993538
519;{'n_estimators': 800, 'max_features': 6, 'min_samples_leaf': 4};0.8114409370083895;-2.3879363498048485
520;{'n_estimators': 800, 'max_features': 6, 'min_samples_leaf': 5};0.7618425889259578;-2.6052486514599975
521;{'n_estimators': 800, 'max_features': 6, 'min_samples_leaf': 6};0.7126175184063623;-2.72409386751345
522;{'n_estimators': 800, 'max_features': 7, 'min_samples_leaf': 1};0.9565836017418684;-1.9766381247276008
523;{'n_estimators': 800, 'max_features': 7, 'min_samples_leaf': 2};0.9222282365908427;-1.7581035510967447
524;{'n_estimators': 800, 'max_features': 7, 'min_samples_leaf': 3};0.874511537548614;-1.7335179334721165
525;{'n_estimators': 800, 'max_features': 7, 'min_samples_leaf': 4};0.8261671030643974;-1.9228678149132175
526;{'n_estimators': 800, 'max_features': 7, 'min_samples_leaf': 5};0.7770566846685194;-2.1737877374057186
527;{'n_estimators': 800, 'max_features': 7, 'min_samples_leaf': 6};0.7285164760728453;-2.3181973113433316
528;{'n_estimators': 800, 'max_features': 8, 'min_samples_leaf': 1};0.959272635352872;-1.8052109691091869
529;{'n_estimators': 800, 'max_features': 8, 'min_samples_leaf': 2};0.9281450546062977;-1.9138479827732404
530;{'n_estimators': 800, 'max_features': 8, 'min_samples_leaf': 3};0.8840633080112438;-1.9861716867691093
531;{'n_estimators': 800, 'max_features': 8, 'min_samples_leaf': 4};0.8392454413859101;-1.9779425869399163
532;{'n_estimators': 800, 'max_features': 8, 'min_samples_leaf': 5};0.7918325926404655;-2.1668743648199666
533;{'n_estimators': 800, 'max_features': 8, 'min_samples_leaf': 6};0.744041379070633;-2.4159865317231035
534;{'n_estimators': 800, 'max_features': 9, 'min_samples_leaf': 1};0.9615283507705501;-1.5299235858488345
535;{'n_estimators': 800, 'max_features': 9, 'min_samples_leaf': 2};0.9328109099169575;-1.744761034230597
536;{'n_estimators': 800, 'max_features': 9, 'min_samples_leaf': 3};0.8929551126753648;-1.8473709732083319
537;{'n_estimators': 800, 'max_features': 9, 'min_samples_leaf': 4};0.8487889977135852;-1.995356609372037
538;{'n_estimators': 800, 'max_features': 9, 'min_samples_leaf': 5};0.8046112899162636;-2.177163912922959
539;{'n_estimators': 800, 'max_features': 9, 'min_samples_leaf': 6};0.7577383756302107;-2.226559777836884
